2026-02-05 20:08:51.891 [restartedMain] DEBUG o.h.c.i.StrategyCreatorRegionFactoryImpl - RegionFactory impl [org.hibernate.cache.jcache.internal.JCacheRegionFactory] did not provide constructor accepting Properties
2026-02-05 20:08:51.891 [restartedMain] DEBUG o.h.c.i.StrategyCreatorRegionFactoryImpl - RegionFactory impl [org.hibernate.cache.jcache.internal.JCacheRegionFactory] did not provide constructor accepting Properties
2026-02-05 20:08:51.891 [restartedMain] INFO  o.h.c.i.RegionFactoryInitiator - HHH000025: Second-level cache region factory [org.hibernate.cache.jcache.internal.JCacheRegionFactory]
2026-02-05 20:08:52.482 [restartedMain] DEBUG o.h.c.s.s.DomainDataRegionTemplate - Generating entity cache access [read-write] : NavigableRole[isa.jutjub.model.VideoPost]
2026-02-05 20:08:52.484 [restartedMain] DEBUG o.h.c.s.s.DomainDataRegionTemplate - Generating collection cache access : NavigableRole[isa.jutjub.model.VideoPost.tags]
2026-02-05 20:08:52.485 [restartedMain] DEBUG o.h.c.s.s.DomainDataRegionTemplate - Generating entity cache access [read-write] : NavigableRole[isa.jutjub.model.User]
2026-02-05 20:08:53.073 [restartedMain] DEBUG o.h.s.internal.StatisticsInitiator - Statistics initialized [enabled=true]
2026-02-05 20:08:54.799 [restartedMain] DEBUG o.h.stat.internal.StatisticsImpl - HHH000117: HQL: select count(*) from VideoPost x, time: 5ms, rows: 1
2026-02-05 20:08:54.835 [restartedMain] DEBUG o.h.c.i.TimestampsCacheEnabledImpl - Pre-invalidating space [video_posts], timestamp: 7251224964444160
2026-02-05 20:08:54.842 [restartedMain] DEBUG o.h.c.s.s.AbstractReadWriteAccess - Locking cache item [region=`isa.jutjub.model.VideoPost.tags` (AccessType[read-write])] : `isa.jutjub.model.VideoPost.tags#1` (timeout=7251224964468736, version=null)
2026-02-05 20:08:54.848 [restartedMain] DEBUG o.h.c.s.s.AbstractReadWriteAccess - Skipping #remove call in read-write access to maintain SoftLock : isa.jutjub.model.VideoPost.tags#1
2026-02-05 20:08:54.849 [restartedMain] DEBUG o.h.c.i.TimestampsCacheEnabledImpl - Pre-invalidating space [video_post_tags], timestamp: 7251224964501504
2026-02-05 20:08:54.849 [restartedMain] DEBUG o.h.c.s.s.AbstractReadWriteAccess - Unlocking cache item [region=`isa.jutjub.model.VideoPost.tags` (AccessType[read-write])] : isa.jutjub.model.VideoPost.tags#1
2026-02-05 20:08:54.851 [restartedMain] DEBUG o.h.c.i.TimestampsCacheEnabledImpl - Invalidating space [video_posts], timestamp: 7251224718749696
2026-02-05 20:08:54.851 [restartedMain] DEBUG o.h.c.i.TimestampsCacheEnabledImpl - Invalidating space [video_post_tags], timestamp: 7251224718749696
2026-02-05 20:08:54.852 [restartedMain] DEBUG o.h.c.i.TimestampsCacheEnabledImpl - Pre-invalidating space [video_posts], timestamp: 7251224964513792
2026-02-05 20:08:54.853 [restartedMain] DEBUG o.h.c.s.s.AbstractReadWriteAccess - Locking cache item [region=`isa.jutjub.model.VideoPost.tags` (AccessType[read-write])] : `isa.jutjub.model.VideoPost.tags#2` (timeout=7251224964517888, version=null)
2026-02-05 20:08:54.853 [restartedMain] DEBUG o.h.c.s.s.AbstractReadWriteAccess - Skipping #remove call in read-write access to maintain SoftLock : isa.jutjub.model.VideoPost.tags#2
2026-02-05 20:08:54.853 [restartedMain] DEBUG o.h.c.i.TimestampsCacheEnabledImpl - Pre-invalidating space [video_post_tags], timestamp: 7251224964517889
2026-02-05 20:08:54.854 [restartedMain] DEBUG o.h.c.s.s.AbstractReadWriteAccess - Unlocking cache item [region=`isa.jutjub.model.VideoPost.tags` (AccessType[read-write])] : isa.jutjub.model.VideoPost.tags#2
2026-02-05 20:08:54.854 [restartedMain] DEBUG o.h.c.i.TimestampsCacheEnabledImpl - Invalidating space [video_posts], timestamp: 7251224718761985
2026-02-05 20:08:54.854 [restartedMain] DEBUG o.h.c.i.TimestampsCacheEnabledImpl - Invalidating space [video_post_tags], timestamp: 7251224718761985
2026-02-05 20:08:54.855 [restartedMain] DEBUG o.h.c.i.TimestampsCacheEnabledImpl - Pre-invalidating space [video_posts], timestamp: 7251224964526082
2026-02-05 20:08:54.855 [restartedMain] DEBUG o.h.c.s.s.AbstractReadWriteAccess - Locking cache item [region=`isa.jutjub.model.VideoPost.tags` (AccessType[read-write])] : `isa.jutjub.model.VideoPost.tags#3` (timeout=7251224964526083, version=null)
2026-02-05 20:08:54.856 [restartedMain] DEBUG o.h.c.s.s.AbstractReadWriteAccess - Skipping #remove call in read-write access to maintain SoftLock : isa.jutjub.model.VideoPost.tags#3
2026-02-05 20:08:54.856 [restartedMain] DEBUG o.h.c.i.TimestampsCacheEnabledImpl - Pre-invalidating space [video_post_tags], timestamp: 7251224964530176
2026-02-05 20:08:54.857 [restartedMain] DEBUG o.h.c.s.s.AbstractReadWriteAccess - Unlocking cache item [region=`isa.jutjub.model.VideoPost.tags` (AccessType[read-write])] : isa.jutjub.model.VideoPost.tags#3
2026-02-05 20:08:54.857 [restartedMain] DEBUG o.h.c.i.TimestampsCacheEnabledImpl - Invalidating space [video_posts], timestamp: 7251224718774273
2026-02-05 20:08:54.857 [restartedMain] DEBUG o.h.c.i.TimestampsCacheEnabledImpl - Invalidating space [video_post_tags], timestamp: 7251224718774273
2026-02-05 20:08:54.858 [restartedMain] DEBUG o.h.c.i.TimestampsCacheEnabledImpl - Pre-invalidating space [video_posts], timestamp: 7251224964538368
2026-02-05 20:08:54.858 [restartedMain] DEBUG o.h.c.s.s.AbstractReadWriteAccess - Locking cache item [region=`isa.jutjub.model.VideoPost.tags` (AccessType[read-write])] : `isa.jutjub.model.VideoPost.tags#4` (timeout=7251224964538369, version=null)
2026-02-05 20:08:54.858 [restartedMain] DEBUG o.h.c.s.s.AbstractReadWriteAccess - Skipping #remove call in read-write access to maintain SoftLock : isa.jutjub.model.VideoPost.tags#4
2026-02-05 20:08:54.858 [restartedMain] DEBUG o.h.c.i.TimestampsCacheEnabledImpl - Pre-invalidating space [video_post_tags], timestamp: 7251224964538370
2026-02-05 20:08:54.858 [restartedMain] DEBUG o.h.c.s.s.AbstractReadWriteAccess - Unlocking cache item [region=`isa.jutjub.model.VideoPost.tags` (AccessType[read-write])] : isa.jutjub.model.VideoPost.tags#4
2026-02-05 20:08:54.859 [restartedMain] DEBUG o.h.c.i.TimestampsCacheEnabledImpl - Invalidating space [video_posts], timestamp: 7251224718782465
2026-02-05 20:08:54.860 [restartedMain] DEBUG o.h.c.i.TimestampsCacheEnabledImpl - Invalidating space [video_post_tags], timestamp: 7251224718782465
2026-02-05 20:08:54.861 [restartedMain] DEBUG o.h.c.i.TimestampsCacheEnabledImpl - Pre-invalidating space [video_posts], timestamp: 7251224964550656
2026-02-05 20:08:54.861 [restartedMain] DEBUG o.h.c.s.s.AbstractReadWriteAccess - Locking cache item [region=`isa.jutjub.model.VideoPost.tags` (AccessType[read-write])] : `isa.jutjub.model.VideoPost.tags#5` (timeout=7251224964550657, version=null)
2026-02-05 20:08:54.862 [restartedMain] DEBUG o.h.c.s.s.AbstractReadWriteAccess - Skipping #remove call in read-write access to maintain SoftLock : isa.jutjub.model.VideoPost.tags#5
2026-02-05 20:08:54.862 [restartedMain] DEBUG o.h.c.i.TimestampsCacheEnabledImpl - Pre-invalidating space [video_post_tags], timestamp: 7251224964554752
2026-02-05 20:08:54.862 [restartedMain] DEBUG o.h.c.s.s.AbstractReadWriteAccess - Unlocking cache item [region=`isa.jutjub.model.VideoPost.tags` (AccessType[read-write])] : isa.jutjub.model.VideoPost.tags#5
2026-02-05 20:08:54.862 [restartedMain] DEBUG o.h.c.i.TimestampsCacheEnabledImpl - Invalidating space [video_posts], timestamp: 7251224718794754
2026-02-05 20:08:54.862 [restartedMain] DEBUG o.h.c.i.TimestampsCacheEnabledImpl - Invalidating space [video_post_tags], timestamp: 7251224718794754
2026-02-05 20:08:54.919 [restartedMain] DEBUG o.h.c.i.TimestampsCacheEnabledImpl - Pre-invalidating space [users], timestamp: 7251224964788224
2026-02-05 20:08:54.920 [restartedMain] DEBUG o.h.c.i.TimestampsCacheEnabledImpl - Invalidating space [users], timestamp: 7251224719032320
2026-02-05 20:09:31.417 [http-nio-8080-exec-1] DEBUG isa.jutjub.service.VideoPostService - Fetching video post by ID: 5 with cache stampede protection
2026-02-05 20:09:31.417 [http-nio-8080-exec-1] DEBUG i.j.service.VideoPostCacheService - Getting video post 5 with cache protection and circuit breaker
2026-02-05 20:09:31.422 [http-nio-8080-exec-1] DEBUG o.h.c.s.s.AbstractReadWriteAccess - Getting cached data from region [`isa.jutjub.model.VideoPost` (AccessType[read-write])] by key [isa.jutjub.model.VideoPost#5]
2026-02-05 20:09:31.423 [http-nio-8080-exec-1] DEBUG o.h.c.s.s.AbstractReadWriteAccess - Cache miss : region = `isa.jutjub.model.VideoPost`, key = `isa.jutjub.model.VideoPost#5`
2026-02-05 20:09:31.433 [http-nio-8080-exec-1] DEBUG o.h.c.s.s.AbstractReadWriteAccess - Caching data from load [region=`isa.jutjub.model.VideoPost` (AccessType[read-write])] : key[isa.jutjub.model.VideoPost#5] -> value[CacheEntry(isa.jutjub.model.VideoPost)]
2026-02-05 20:09:31.446 [http-nio-8080-exec-1] DEBUG o.h.c.i.TimestampsCacheEnabledImpl - Pre-invalidating space [video_posts], timestamp: 7251225114402816
2026-02-05 20:09:31.456 [http-nio-8080-exec-1] INFO  isa.jutjub.service.VideoPostService - Incremented view count for video post ID: 5
2026-02-05 20:09:31.456 [http-nio-8080-exec-1] DEBUG o.h.c.i.TimestampsCacheEnabledImpl - Invalidating space [video_posts], timestamp: 7251224868683776
2026-02-05 20:09:31.475 [http-nio-8080-exec-1] DEBUG o.h.c.s.s.AbstractReadWriteAccess - Getting cached data from region [`isa.jutjub.model.VideoPost.tags` (AccessType[read-write])] by key [isa.jutjub.model.VideoPost.tags#5]
2026-02-05 20:09:31.475 [http-nio-8080-exec-1] DEBUG o.h.c.s.s.AbstractReadWriteAccess - Cache hit, but item is unreadable/invalid : region = `isa.jutjub.model.VideoPost.tags`, key = `isa.jutjub.model.VideoPost.tags#5`
2026-02-05 20:09:31.477 [http-nio-8080-exec-1] DEBUG o.h.c.s.s.AbstractReadWriteAccess - Caching data from load [region=`isa.jutjub.model.VideoPost.tags` (AccessType[read-write])] : key[isa.jutjub.model.VideoPost.tags#5] -> value[CollectionCacheEntry[exploration,urban,city,travel]]
2026-02-05 20:09:31.477 [http-nio-8080-exec-1] DEBUG o.h.c.s.s.AbstractReadWriteAccess - Checking writeability of read-write cache lock [timeout=`7251224964550657`, lockId=`4`, version=`null`, sourceUuid=bd07daee-8b65-46ca-b6cd-70628ed91b5c, multiplicity=`0`, unlockTimestamp=`7251224718794753`] : txTimestamp=`7251224868618240`, newVersion=`null`
2026-02-05 20:09:31.503 [http-nio-8080-exec-3] INFO  i.jutjub.service.FileUploadService - Loading video file from path: /videos/urban_exploration.mp4 -> normalized: \videos\urban_exploration.mp4
2026-02-05 20:09:31.503 [http-nio-8080-exec-3] INFO  i.jutjub.service.FileUploadService - Resource created: urban_exploration.mp4, exists: false, readable: false
2026-02-05 20:09:31.503 [http-nio-8080-exec-3] INFO  i.jutjub.service.FileUploadService - Trying Unix path format: \videos\urban_exploration.mp4
2026-02-05 20:09:31.503 [http-nio-8080-exec-3] INFO  i.jutjub.service.FileUploadService - Unix path resource exists: false, readable: false
2026-02-05 20:09:31.503 [http-nio-8080-exec-3] ERROR i.jutjub.service.FileUploadService - Video file not found or not readable: /videos/urban_exploration.mp4
2026-02-05 20:09:31.503 [http-nio-8080-exec-3] ERROR i.jutjub.service.FileUploadService - Failed to load video file: /videos/urban_exploration.mp4
java.lang.RuntimeException: Video file not found: /videos/urban_exploration.mp4
	at isa.jutjub.service.FileUploadService.getVideoFile(FileUploadService.java:203)
	at isa.jutjub.service.VideoPostService.getVideoFile(VideoPostService.java:297)
	at java.base/jdk.internal.reflect.NativeMethodAccessorImpl.invoke0(Native Method)
	at java.base/jdk.internal.reflect.NativeMethodAccessorImpl.invoke(NativeMethodAccessorImpl.java:77)
	at java.base/jdk.internal.reflect.DelegatingMethodAccessorImpl.invoke(DelegatingMethodAccessorImpl.java:43)
	at java.base/java.lang.reflect.Method.invoke(Method.java:568)
	at org.springframework.aop.support.AopUtils.invokeJoinpointUsingReflection(AopUtils.java:360)
	at org.springframework.aop.framework.ReflectiveMethodInvocation.invokeJoinpoint(ReflectiveMethodInvocation.java:196)
	at org.springframework.aop.framework.ReflectiveMethodInvocation.proceed(ReflectiveMethodInvocation.java:163)
	at org.springframework.transaction.interceptor.TransactionAspectSupport.invokeWithinTransaction(TransactionAspectSupport.java:380)
	at org.springframework.transaction.interceptor.TransactionInterceptor.invoke(TransactionInterceptor.java:119)
	at org.springframework.aop.framework.ReflectiveMethodInvocation.proceed(ReflectiveMethodInvocation.java:184)
	at org.springframework.aop.framework.CglibAopProxy$DynamicAdvisedInterceptor.intercept(CglibAopProxy.java:728)
	at isa.jutjub.service.VideoPostService$$SpringCGLIB$$0.getVideoFile(<generated>)
	at isa.jutjub.controller.VideoPostController.serveVideo(VideoPostController.java:523)
	at java.base/jdk.internal.reflect.NativeMethodAccessorImpl.invoke0(Native Method)
	at java.base/jdk.internal.reflect.NativeMethodAccessorImpl.invoke(NativeMethodAccessorImpl.java:77)
	at java.base/jdk.internal.reflect.DelegatingMethodAccessorImpl.invoke(DelegatingMethodAccessorImpl.java:43)
	at java.base/java.lang.reflect.Method.invoke(Method.java:568)
	at org.springframework.web.method.support.InvocableHandlerMethod.doInvoke(InvocableHandlerMethod.java:258)
	at org.springframework.web.method.support.InvocableHandlerMethod.invokeForRequest(InvocableHandlerMethod.java:191)
	at org.springframework.web.servlet.mvc.method.annotation.ServletInvocableHandlerMethod.invokeAndHandle(ServletInvocableHandlerMethod.java:118)
	at org.springframework.web.servlet.mvc.method.annotation.RequestMappingHandlerAdapter.invokeHandlerMethod(RequestMappingHandlerAdapter.java:991)
	at org.springframework.web.servlet.mvc.method.annotation.RequestMappingHandlerAdapter.handleInternal(RequestMappingHandlerAdapter.java:896)
	at org.springframework.web.servlet.mvc.method.AbstractHandlerMethodAdapter.handle(AbstractHandlerMethodAdapter.java:87)
	at org.springframework.web.servlet.DispatcherServlet.doDispatch(DispatcherServlet.java:1089)
	at org.springframework.web.servlet.DispatcherServlet.doService(DispatcherServlet.java:979)
	at org.springframework.web.servlet.FrameworkServlet.processRequest(FrameworkServlet.java:1014)
	at org.springframework.web.servlet.FrameworkServlet.doGet(FrameworkServlet.java:903)
	at jakarta.servlet.http.HttpServlet.service(HttpServlet.java:564)
	at org.springframework.web.servlet.FrameworkServlet.service(FrameworkServlet.java:885)
	at jakarta.servlet.http.HttpServlet.service(HttpServlet.java:658)
	at org.apache.catalina.core.ApplicationFilterChain.internalDoFilter(ApplicationFilterChain.java:193)
	at org.apache.catalina.core.ApplicationFilterChain.doFilter(ApplicationFilterChain.java:138)
	at org.apache.tomcat.websocket.server.WsFilter.doFilter(WsFilter.java:51)
	at org.apache.catalina.core.ApplicationFilterChain.internalDoFilter(ApplicationFilterChain.java:162)
	at org.apache.catalina.core.ApplicationFilterChain.doFilter(ApplicationFilterChain.java:138)
	at org.springframework.web.filter.OncePerRequestFilter.doFilter(OncePerRequestFilter.java:101)
	at org.apache.catalina.core.ApplicationFilterChain.internalDoFilter(ApplicationFilterChain.java:162)
	at org.apache.catalina.core.ApplicationFilterChain.doFilter(ApplicationFilterChain.java:138)
	at org.springframework.web.servlet.resource.ResourceUrlEncodingFilter.doFilter(ResourceUrlEncodingFilter.java:66)
	at org.apache.catalina.core.ApplicationFilterChain.internalDoFilter(ApplicationFilterChain.java:162)
	at org.apache.catalina.core.ApplicationFilterChain.doFilter(ApplicationFilterChain.java:138)
	at org.springframework.web.filter.CompositeFilter$VirtualFilterChain.doFilter(CompositeFilter.java:108)
	at org.springframework.web.filter.CompositeFilter$VirtualFilterChain.doFilter(CompositeFilter.java:108)
	at org.springframework.security.web.FilterChainProxy.lambda$doFilterInternal$3(FilterChainProxy.java:231)
	at org.springframework.security.web.FilterChainProxy$VirtualFilterChain.doFilter(FilterChainProxy.java:365)
	at org.springframework.security.web.access.intercept.AuthorizationFilter.doFilter(AuthorizationFilter.java:101)
	at org.springframework.security.web.FilterChainProxy$VirtualFilterChain.doFilter(FilterChainProxy.java:374)
	at org.springframework.security.web.access.ExceptionTranslationFilter.doFilter(ExceptionTranslationFilter.java:125)
	at org.springframework.security.web.access.ExceptionTranslationFilter.doFilter(ExceptionTranslationFilter.java:119)
	at org.springframework.security.web.FilterChainProxy$VirtualFilterChain.doFilter(FilterChainProxy.java:374)
	at org.springframework.security.web.authentication.AnonymousAuthenticationFilter.doFilter(AnonymousAuthenticationFilter.java:100)
	at org.springframework.security.web.FilterChainProxy$VirtualFilterChain.doFilter(FilterChainProxy.java:374)
	at org.springframework.security.web.servletapi.SecurityContextHolderAwareRequestFilter.doFilter(SecurityContextHolderAwareRequestFilter.java:179)
	at org.springframework.security.web.FilterChainProxy$VirtualFilterChain.doFilter(FilterChainProxy.java:374)
	at org.springframework.security.web.savedrequest.RequestCacheAwareFilter.doFilter(RequestCacheAwareFilter.java:63)
	at org.springframework.security.web.FilterChainProxy$VirtualFilterChain.doFilter(FilterChainProxy.java:374)
	at org.springframework.security.web.authentication.logout.LogoutFilter.doFilter(LogoutFilter.java:107)
	at org.springframework.security.web.authentication.logout.LogoutFilter.doFilter(LogoutFilter.java:93)
	at org.springframework.security.web.FilterChainProxy$VirtualFilterChain.doFilter(FilterChainProxy.java:374)
	at org.springframework.web.filter.CorsFilter.doFilterInternal(CorsFilter.java:91)
	at org.springframework.web.filter.OncePerRequestFilter.doFilter(OncePerRequestFilter.java:116)
	at org.springframework.security.web.FilterChainProxy$VirtualFilterChain.doFilter(FilterChainProxy.java:374)
	at org.springframework.security.web.header.HeaderWriterFilter.doHeadersAfter(HeaderWriterFilter.java:90)
	at org.springframework.security.web.header.HeaderWriterFilter.doFilterInternal(HeaderWriterFilter.java:75)
	at org.springframework.web.filter.OncePerRequestFilter.doFilter(OncePerRequestFilter.java:116)
	at org.springframework.security.web.FilterChainProxy$VirtualFilterChain.doFilter(FilterChainProxy.java:374)
	at org.springframework.security.web.context.SecurityContextHolderFilter.doFilter(SecurityContextHolderFilter.java:82)
	at org.springframework.security.web.context.SecurityContextHolderFilter.doFilter(SecurityContextHolderFilter.java:69)
	at org.springframework.security.web.FilterChainProxy$VirtualFilterChain.doFilter(FilterChainProxy.java:374)
	at org.springframework.security.web.context.request.async.WebAsyncManagerIntegrationFilter.doFilterInternal(WebAsyncManagerIntegrationFilter.java:62)
	at org.springframework.web.filter.OncePerRequestFilter.doFilter(OncePerRequestFilter.java:116)
	at org.springframework.security.web.FilterChainProxy$VirtualFilterChain.doFilter(FilterChainProxy.java:374)
	at org.springframework.security.web.session.DisableEncodeUrlFilter.doFilterInternal(DisableEncodeUrlFilter.java:42)
	at org.springframework.web.filter.OncePerRequestFilter.doFilter(OncePerRequestFilter.java:116)
	at org.springframework.security.web.FilterChainProxy$VirtualFilterChain.doFilter(FilterChainProxy.java:374)
	at org.springframework.security.web.FilterChainProxy.doFilterInternal(FilterChainProxy.java:233)
	at org.springframework.security.web.FilterChainProxy.doFilter(FilterChainProxy.java:191)
	at org.springframework.web.filter.CompositeFilter$VirtualFilterChain.doFilter(CompositeFilter.java:113)
	at org.springframework.web.filter.ServletRequestPathFilter.doFilter(ServletRequestPathFilter.java:52)
	at org.springframework.web.filter.CompositeFilter$VirtualFilterChain.doFilter(CompositeFilter.java:113)
	at org.springframework.web.filter.CompositeFilter.doFilter(CompositeFilter.java:74)
	at org.springframework.security.config.annotation.web.configuration.WebSecurityConfiguration$CompositeFilterChainProxy.doFilter(WebSecurityConfiguration.java:319)
	at org.springframework.web.filter.CompositeFilter$VirtualFilterChain.doFilter(CompositeFilter.java:113)
	at org.springframework.web.servlet.handler.HandlerMappingIntrospector.lambda$createCacheFilter$4(HandlerMappingIntrospector.java:267)
	at org.springframework.web.filter.CompositeFilter$VirtualFilterChain.doFilter(CompositeFilter.java:113)
	at org.springframework.web.filter.CompositeFilter.doFilter(CompositeFilter.java:74)
	at org.springframework.security.config.annotation.web.configuration.WebMvcSecurityConfiguration$CompositeFilterChainProxy.doFilter(WebMvcSecurityConfiguration.java:240)
	at org.springframework.web.filter.DelegatingFilterProxy.invokeDelegate(DelegatingFilterProxy.java:362)
	at org.springframework.web.filter.DelegatingFilterProxy.doFilter(DelegatingFilterProxy.java:278)
	at org.apache.catalina.core.ApplicationFilterChain.internalDoFilter(ApplicationFilterChain.java:162)
	at org.apache.catalina.core.ApplicationFilterChain.doFilter(ApplicationFilterChain.java:138)
	at org.springframework.web.filter.RequestContextFilter.doFilterInternal(RequestContextFilter.java:100)
	at org.springframework.web.filter.OncePerRequestFilter.doFilter(OncePerRequestFilter.java:116)
	at org.apache.catalina.core.ApplicationFilterChain.internalDoFilter(ApplicationFilterChain.java:162)
	at org.apache.catalina.core.ApplicationFilterChain.doFilter(ApplicationFilterChain.java:138)
	at org.springframework.web.filter.FormContentFilter.doFilterInternal(FormContentFilter.java:93)
	at org.springframework.web.filter.OncePerRequestFilter.doFilter(OncePerRequestFilter.java:116)
	at org.apache.catalina.core.ApplicationFilterChain.internalDoFilter(ApplicationFilterChain.java:162)
	at org.apache.catalina.core.ApplicationFilterChain.doFilter(ApplicationFilterChain.java:138)
	at org.springframework.web.filter.CharacterEncodingFilter.doFilterInternal(CharacterEncodingFilter.java:201)
	at org.springframework.web.filter.OncePerRequestFilter.doFilter(OncePerRequestFilter.java:116)
	at org.apache.catalina.core.ApplicationFilterChain.internalDoFilter(ApplicationFilterChain.java:162)
	at org.apache.catalina.core.ApplicationFilterChain.doFilter(ApplicationFilterChain.java:138)
	at org.apache.catalina.core.StandardWrapperValve.invoke(StandardWrapperValve.java:165)
	at org.apache.catalina.core.StandardContextValve.invoke(StandardContextValve.java:88)
	at org.apache.catalina.authenticator.AuthenticatorBase.invoke(AuthenticatorBase.java:482)
	at org.apache.catalina.core.StandardHostValve.invoke(StandardHostValve.java:113)
	at org.apache.catalina.valves.ErrorReportValve.invoke(ErrorReportValve.java:83)
	at org.apache.catalina.core.StandardEngineValve.invoke(StandardEngineValve.java:72)
	at org.apache.catalina.connector.CoyoteAdapter.service(CoyoteAdapter.java:342)
	at org.apache.coyote.http11.Http11Processor.service(Http11Processor.java:399)
	at org.apache.coyote.AbstractProcessorLight.process(AbstractProcessorLight.java:63)
	at org.apache.coyote.AbstractProtocol$ConnectionHandler.process(AbstractProtocol.java:903)
	at org.apache.tomcat.util.net.NioEndpoint$SocketProcessor.doRun(NioEndpoint.java:1774)
	at org.apache.tomcat.util.net.SocketProcessorBase.run(SocketProcessorBase.java:52)
	at org.apache.tomcat.util.threads.ThreadPoolExecutor.runWorker(ThreadPoolExecutor.java:973)
	at org.apache.tomcat.util.threads.ThreadPoolExecutor$Worker.run(ThreadPoolExecutor.java:491)
	at org.apache.tomcat.util.threads.TaskThread$WrappingRunnable.run(TaskThread.java:63)
	at java.base/java.lang.Thread.run(Thread.java:833)
2026-02-05 20:11:10.035 [SpringApplicationShutdownHook] INFO  i.j.service.ThumbnailCacheService - Shutting down ThumbnailCacheService...
2026-02-05 20:11:10.035 [SpringApplicationShutdownHook] INFO  i.jutjub.service.FileUploadService - Shutting down FileUploadService...
2026-02-05 20:11:13.162 [restartedMain] DEBUG o.h.c.i.StrategyCreatorRegionFactoryImpl - RegionFactory impl [org.hibernate.cache.jcache.internal.JCacheRegionFactory] did not provide constructor accepting Properties
2026-02-05 20:11:13.162 [restartedMain] DEBUG o.h.c.i.StrategyCreatorRegionFactoryImpl - RegionFactory impl [org.hibernate.cache.jcache.internal.JCacheRegionFactory] did not provide constructor accepting Properties
2026-02-05 20:11:13.163 [restartedMain] INFO  o.h.c.i.RegionFactoryInitiator - HHH000025: Second-level cache region factory [org.hibernate.cache.jcache.internal.JCacheRegionFactory]
2026-02-05 20:11:13.795 [restartedMain] DEBUG o.h.c.s.s.DomainDataRegionTemplate - Generating entity cache access [read-write] : NavigableRole[isa.jutjub.model.VideoPost]
2026-02-05 20:11:13.797 [restartedMain] DEBUG o.h.c.s.s.DomainDataRegionTemplate - Generating entity cache access [read-write] : NavigableRole[isa.jutjub.model.User]
2026-02-05 20:11:13.797 [restartedMain] DEBUG o.h.c.s.s.DomainDataRegionTemplate - Generating collection cache access : NavigableRole[isa.jutjub.model.VideoPost.tags]
2026-02-05 20:11:14.379 [restartedMain] DEBUG o.h.s.internal.StatisticsInitiator - Statistics initialized [enabled=true]
2026-02-05 20:11:16.128 [restartedMain] DEBUG o.h.stat.internal.StatisticsImpl - HHH000117: HQL: select count(*) from VideoPost x, time: 6ms, rows: 1
2026-02-05 20:11:16.167 [restartedMain] DEBUG o.h.c.i.TimestampsCacheEnabledImpl - Pre-invalidating space [video_posts], timestamp: 7251225543340032
2026-02-05 20:11:16.174 [restartedMain] DEBUG o.h.c.s.s.AbstractReadWriteAccess - Locking cache item [region=`isa.jutjub.model.VideoPost.tags` (AccessType[read-write])] : `isa.jutjub.model.VideoPost.tags#1` (timeout=7251225543368704, version=null)
2026-02-05 20:11:16.180 [restartedMain] DEBUG o.h.c.s.s.AbstractReadWriteAccess - Skipping #remove call in read-write access to maintain SoftLock : isa.jutjub.model.VideoPost.tags#1
2026-02-05 20:11:16.180 [restartedMain] DEBUG o.h.c.i.TimestampsCacheEnabledImpl - Pre-invalidating space [video_post_tags], timestamp: 7251225543393280
2026-02-05 20:11:16.181 [restartedMain] DEBUG o.h.c.s.s.AbstractReadWriteAccess - Unlocking cache item [region=`isa.jutjub.model.VideoPost.tags` (AccessType[read-write])] : isa.jutjub.model.VideoPost.tags#1
2026-02-05 20:11:16.182 [restartedMain] DEBUG o.h.c.i.TimestampsCacheEnabledImpl - Invalidating space [video_posts], timestamp: 7251225297641472
2026-02-05 20:11:16.182 [restartedMain] DEBUG o.h.c.i.TimestampsCacheEnabledImpl - Invalidating space [video_post_tags], timestamp: 7251225297641472
2026-02-05 20:11:16.183 [restartedMain] DEBUG o.h.c.i.TimestampsCacheEnabledImpl - Pre-invalidating space [video_posts], timestamp: 7251225543405570
2026-02-05 20:11:16.183 [restartedMain] DEBUG o.h.c.s.s.AbstractReadWriteAccess - Locking cache item [region=`isa.jutjub.model.VideoPost.tags` (AccessType[read-write])] : `isa.jutjub.model.VideoPost.tags#2` (timeout=7251225543405571, version=null)
2026-02-05 20:11:16.185 [restartedMain] DEBUG o.h.c.s.s.AbstractReadWriteAccess - Skipping #remove call in read-write access to maintain SoftLock : isa.jutjub.model.VideoPost.tags#2
2026-02-05 20:11:16.185 [restartedMain] DEBUG o.h.c.i.TimestampsCacheEnabledImpl - Pre-invalidating space [video_post_tags], timestamp: 7251225543413760
2026-02-05 20:11:16.185 [restartedMain] DEBUG o.h.c.s.s.AbstractReadWriteAccess - Unlocking cache item [region=`isa.jutjub.model.VideoPost.tags` (AccessType[read-write])] : isa.jutjub.model.VideoPost.tags#2
2026-02-05 20:11:16.185 [restartedMain] DEBUG o.h.c.i.TimestampsCacheEnabledImpl - Invalidating space [video_posts], timestamp: 7251225297653762
2026-02-05 20:11:16.185 [restartedMain] DEBUG o.h.c.i.TimestampsCacheEnabledImpl - Invalidating space [video_post_tags], timestamp: 7251225297653762
2026-02-05 20:11:16.186 [restartedMain] DEBUG o.h.c.i.TimestampsCacheEnabledImpl - Pre-invalidating space [video_posts], timestamp: 7251225543417856
2026-02-05 20:11:16.186 [restartedMain] DEBUG o.h.c.s.s.AbstractReadWriteAccess - Locking cache item [region=`isa.jutjub.model.VideoPost.tags` (AccessType[read-write])] : `isa.jutjub.model.VideoPost.tags#3` (timeout=7251225543417857, version=null)
2026-02-05 20:11:16.187 [restartedMain] DEBUG o.h.c.s.s.AbstractReadWriteAccess - Skipping #remove call in read-write access to maintain SoftLock : isa.jutjub.model.VideoPost.tags#3
2026-02-05 20:11:16.187 [restartedMain] DEBUG o.h.c.i.TimestampsCacheEnabledImpl - Pre-invalidating space [video_post_tags], timestamp: 7251225543421952
2026-02-05 20:11:16.187 [restartedMain] DEBUG o.h.c.s.s.AbstractReadWriteAccess - Unlocking cache item [region=`isa.jutjub.model.VideoPost.tags` (AccessType[read-write])] : isa.jutjub.model.VideoPost.tags#3
2026-02-05 20:11:16.187 [restartedMain] DEBUG o.h.c.i.TimestampsCacheEnabledImpl - Invalidating space [video_posts], timestamp: 7251225297661954
2026-02-05 20:11:16.187 [restartedMain] DEBUG o.h.c.i.TimestampsCacheEnabledImpl - Invalidating space [video_post_tags], timestamp: 7251225297661954
2026-02-05 20:11:16.188 [restartedMain] DEBUG o.h.c.i.TimestampsCacheEnabledImpl - Pre-invalidating space [video_posts], timestamp: 7251225543426050
2026-02-05 20:11:16.188 [restartedMain] DEBUG o.h.c.s.s.AbstractReadWriteAccess - Locking cache item [region=`isa.jutjub.model.VideoPost.tags` (AccessType[read-write])] : `isa.jutjub.model.VideoPost.tags#4` (timeout=7251225543426051, version=null)
2026-02-05 20:11:16.189 [restartedMain] DEBUG o.h.c.s.s.AbstractReadWriteAccess - Skipping #remove call in read-write access to maintain SoftLock : isa.jutjub.model.VideoPost.tags#4
2026-02-05 20:11:16.189 [restartedMain] DEBUG o.h.c.i.TimestampsCacheEnabledImpl - Pre-invalidating space [video_post_tags], timestamp: 7251225543430144
2026-02-05 20:11:16.190 [restartedMain] DEBUG o.h.c.s.s.AbstractReadWriteAccess - Unlocking cache item [region=`isa.jutjub.model.VideoPost.tags` (AccessType[read-write])] : isa.jutjub.model.VideoPost.tags#4
2026-02-05 20:11:16.190 [restartedMain] DEBUG o.h.c.i.TimestampsCacheEnabledImpl - Invalidating space [video_posts], timestamp: 7251225297674241
2026-02-05 20:11:16.190 [restartedMain] DEBUG o.h.c.i.TimestampsCacheEnabledImpl - Invalidating space [video_post_tags], timestamp: 7251225297674241
2026-02-05 20:11:16.191 [restartedMain] DEBUG o.h.c.i.TimestampsCacheEnabledImpl - Pre-invalidating space [video_posts], timestamp: 7251225543438336
2026-02-05 20:11:16.191 [restartedMain] DEBUG o.h.c.s.s.AbstractReadWriteAccess - Locking cache item [region=`isa.jutjub.model.VideoPost.tags` (AccessType[read-write])] : `isa.jutjub.model.VideoPost.tags#5` (timeout=7251225543438337, version=null)
2026-02-05 20:11:16.191 [restartedMain] DEBUG o.h.c.s.s.AbstractReadWriteAccess - Skipping #remove call in read-write access to maintain SoftLock : isa.jutjub.model.VideoPost.tags#5
2026-02-05 20:11:16.191 [restartedMain] DEBUG o.h.c.i.TimestampsCacheEnabledImpl - Pre-invalidating space [video_post_tags], timestamp: 7251225543438338
2026-02-05 20:11:16.191 [restartedMain] DEBUG o.h.c.s.s.AbstractReadWriteAccess - Unlocking cache item [region=`isa.jutjub.model.VideoPost.tags` (AccessType[read-write])] : isa.jutjub.model.VideoPost.tags#5
2026-02-05 20:11:16.191 [restartedMain] DEBUG o.h.c.i.TimestampsCacheEnabledImpl - Invalidating space [video_posts], timestamp: 7251225297678340
2026-02-05 20:11:16.191 [restartedMain] DEBUG o.h.c.i.TimestampsCacheEnabledImpl - Invalidating space [video_post_tags], timestamp: 7251225297678340
2026-02-05 20:11:16.250 [restartedMain] DEBUG o.h.c.i.TimestampsCacheEnabledImpl - Pre-invalidating space [users], timestamp: 7251225543680000
2026-02-05 20:11:16.250 [restartedMain] DEBUG o.h.c.i.TimestampsCacheEnabledImpl - Invalidating space [users], timestamp: 7251225297920001
2026-02-05 20:13:36.510 [http-nio-8080-exec-1] DEBUG isa.jutjub.service.VideoPostService - Fetching all video posts with pagination: page 0, size 10
2026-02-05 20:13:36.528 [http-nio-8080-exec-1] DEBUG o.h.c.s.s.AbstractReadWriteAccess - Caching data from load [region=`isa.jutjub.model.VideoPost` (AccessType[read-write])] : key[isa.jutjub.model.VideoPost#5] -> value[CacheEntry(isa.jutjub.model.VideoPost)]
2026-02-05 20:13:36.530 [http-nio-8080-exec-1] DEBUG o.h.c.s.s.AbstractReadWriteAccess - Caching data from load [region=`isa.jutjub.model.VideoPost` (AccessType[read-write])] : key[isa.jutjub.model.VideoPost#4] -> value[CacheEntry(isa.jutjub.model.VideoPost)]
2026-02-05 20:13:36.530 [http-nio-8080-exec-1] DEBUG o.h.c.s.s.AbstractReadWriteAccess - Caching data from load [region=`isa.jutjub.model.VideoPost` (AccessType[read-write])] : key[isa.jutjub.model.VideoPost#3] -> value[CacheEntry(isa.jutjub.model.VideoPost)]
2026-02-05 20:13:36.532 [http-nio-8080-exec-1] DEBUG o.h.c.s.s.AbstractReadWriteAccess - Caching data from load [region=`isa.jutjub.model.VideoPost` (AccessType[read-write])] : key[isa.jutjub.model.VideoPost#2] -> value[CacheEntry(isa.jutjub.model.VideoPost)]
2026-02-05 20:13:36.532 [http-nio-8080-exec-1] DEBUG o.h.c.s.s.AbstractReadWriteAccess - Caching data from load [region=`isa.jutjub.model.VideoPost` (AccessType[read-write])] : key[isa.jutjub.model.VideoPost#1] -> value[CacheEntry(isa.jutjub.model.VideoPost)]
2026-02-05 20:13:36.533 [http-nio-8080-exec-1] DEBUG o.h.stat.internal.StatisticsImpl - HHH000117: HQL: [CRITERIA] select vp1_0.id,vp1_0.comments_count,vp1_0.created_at,vp1_0.deleted,vp1_0.likes_count,vp1_0.location,vp1_0.thumbnail_path,vp1_0.title,vp1_0.updated_at,vp1_0.upload_duration_ms,vp1_0.video_description,vp1_0.video_file_size,vp1_0.video_path,vp1_0.views_count from video_posts vp1_0 order by vp1_0.created_at desc offset ? rows fetch first ? rows only, time: 12ms, rows: 5
2026-02-05 20:13:36.574 [http-nio-8080-exec-1] DEBUG o.h.c.s.s.AbstractReadWriteAccess - Getting cached data from region [`isa.jutjub.model.VideoPost.tags` (AccessType[read-write])] by key [isa.jutjub.model.VideoPost.tags#5]
2026-02-05 20:13:36.574 [http-nio-8080-exec-1] DEBUG o.h.c.s.s.AbstractReadWriteAccess - Cache hit, but item is unreadable/invalid : region = `isa.jutjub.model.VideoPost.tags`, key = `isa.jutjub.model.VideoPost.tags#5`
2026-02-05 20:13:36.577 [http-nio-8080-exec-1] DEBUG o.h.c.s.s.AbstractReadWriteAccess - Caching data from load [region=`isa.jutjub.model.VideoPost.tags` (AccessType[read-write])] : key[isa.jutjub.model.VideoPost.tags#5] -> value[CollectionCacheEntry[exploration,urban,city,travel]]
2026-02-05 20:13:36.578 [http-nio-8080-exec-1] DEBUG o.h.c.s.s.AbstractReadWriteAccess - Checking writeability of read-write cache lock [timeout=`7251225543438337`, lockId=`4`, version=`null`, sourceUuid=1d438af6-da9b-4b31-8115-52ca3f9e4640, multiplicity=`0`, unlockTimestamp=`7251225297678339`] : txTimestamp=`7251225872424960`, newVersion=`null`
2026-02-05 20:13:36.578 [http-nio-8080-exec-1] DEBUG o.h.c.s.s.AbstractReadWriteAccess - Getting cached data from region [`isa.jutjub.model.VideoPost.tags` (AccessType[read-write])] by key [isa.jutjub.model.VideoPost.tags#4]
2026-02-05 20:13:36.578 [http-nio-8080-exec-1] DEBUG o.h.c.s.s.AbstractReadWriteAccess - Cache hit, but item is unreadable/invalid : region = `isa.jutjub.model.VideoPost.tags`, key = `isa.jutjub.model.VideoPost.tags#4`
2026-02-05 20:13:36.579 [http-nio-8080-exec-1] DEBUG o.h.c.s.s.AbstractReadWriteAccess - Caching data from load [region=`isa.jutjub.model.VideoPost.tags` (AccessType[read-write])] : key[isa.jutjub.model.VideoPost.tags#4] -> value[CollectionCacheEntry[fitness,wellness,yoga,beginners]]
2026-02-05 20:13:36.579 [http-nio-8080-exec-1] DEBUG o.h.c.s.s.AbstractReadWriteAccess - Checking writeability of read-write cache lock [timeout=`7251225543426051`, lockId=`3`, version=`null`, sourceUuid=1d438af6-da9b-4b31-8115-52ca3f9e4640, multiplicity=`0`, unlockTimestamp=`7251225297674240`] : txTimestamp=`7251225872424960`, newVersion=`null`
2026-02-05 20:13:36.579 [http-nio-8080-exec-1] DEBUG o.h.c.s.s.AbstractReadWriteAccess - Getting cached data from region [`isa.jutjub.model.VideoPost.tags` (AccessType[read-write])] by key [isa.jutjub.model.VideoPost.tags#3]
2026-02-05 20:13:36.579 [http-nio-8080-exec-1] DEBUG o.h.c.s.s.AbstractReadWriteAccess - Cache hit, but item is unreadable/invalid : region = `isa.jutjub.model.VideoPost.tags`, key = `isa.jutjub.model.VideoPost.tags#3`
2026-02-05 20:13:36.580 [http-nio-8080-exec-1] DEBUG o.h.c.s.s.AbstractReadWriteAccess - Caching data from load [region=`isa.jutjub.model.VideoPost.tags` (AccessType[read-write])] : key[isa.jutjub.model.VideoPost.tags#3] -> value[CollectionCacheEntry[tech,smartphone,review,technology]]
2026-02-05 20:13:36.580 [http-nio-8080-exec-1] DEBUG o.h.c.s.s.AbstractReadWriteAccess - Checking writeability of read-write cache lock [timeout=`7251225543417857`, lockId=`2`, version=`null`, sourceUuid=1d438af6-da9b-4b31-8115-52ca3f9e4640, multiplicity=`0`, unlockTimestamp=`7251225297661953`] : txTimestamp=`7251225872424960`, newVersion=`null`
2026-02-05 20:13:36.580 [http-nio-8080-exec-1] DEBUG o.h.c.s.s.AbstractReadWriteAccess - Getting cached data from region [`isa.jutjub.model.VideoPost.tags` (AccessType[read-write])] by key [isa.jutjub.model.VideoPost.tags#2]
2026-02-05 20:13:36.580 [http-nio-8080-exec-1] DEBUG o.h.c.s.s.AbstractReadWriteAccess - Cache hit, but item is unreadable/invalid : region = `isa.jutjub.model.VideoPost.tags`, key = `isa.jutjub.model.VideoPost.tags#2`
2026-02-05 20:13:36.580 [http-nio-8080-exec-1] DEBUG o.h.c.s.s.AbstractReadWriteAccess - Caching data from load [region=`isa.jutjub.model.VideoPost.tags` (AccessType[read-write])] : key[isa.jutjub.model.VideoPost.tags#2] -> value[CollectionCacheEntry[pasta,recipe,italian,cooking]]
2026-02-05 20:13:36.580 [http-nio-8080-exec-1] DEBUG o.h.c.s.s.AbstractReadWriteAccess - Checking writeability of read-write cache lock [timeout=`7251225543405571`, lockId=`1`, version=`null`, sourceUuid=1d438af6-da9b-4b31-8115-52ca3f9e4640, multiplicity=`0`, unlockTimestamp=`7251225297653761`] : txTimestamp=`7251225872424960`, newVersion=`null`
2026-02-05 20:13:36.580 [http-nio-8080-exec-1] DEBUG o.h.c.s.s.AbstractReadWriteAccess - Getting cached data from region [`isa.jutjub.model.VideoPost.tags` (AccessType[read-write])] by key [isa.jutjub.model.VideoPost.tags#1]
2026-02-05 20:13:36.580 [http-nio-8080-exec-1] DEBUG o.h.c.s.s.AbstractReadWriteAccess - Cache hit, but item is unreadable/invalid : region = `isa.jutjub.model.VideoPost.tags`, key = `isa.jutjub.model.VideoPost.tags#1`
2026-02-05 20:13:36.582 [http-nio-8080-exec-1] DEBUG o.h.c.s.s.AbstractReadWriteAccess - Caching data from load [region=`isa.jutjub.model.VideoPost.tags` (AccessType[read-write])] : key[isa.jutjub.model.VideoPost.tags#1] -> value[CollectionCacheEntry[nature,travel,documentary,wildlife]]
2026-02-05 20:13:36.582 [http-nio-8080-exec-1] DEBUG o.h.c.s.s.AbstractReadWriteAccess - Checking writeability of read-write cache lock [timeout=`7251225543368704`, lockId=`0`, version=`null`, sourceUuid=1d438af6-da9b-4b31-8115-52ca3f9e4640, multiplicity=`0`, unlockTimestamp=`7251225297637376`] : txTimestamp=`7251225872424960`, newVersion=`null`
2026-02-05 20:13:36.597 [http-nio-8080-exec-6] DEBUG isa.jutjub.service.VideoPostService - Fetching video post by ID: 1 with cache stampede protection
2026-02-05 20:13:36.597 [http-nio-8080-exec-3] DEBUG isa.jutjub.service.VideoPostService - Fetching video post by ID: 2 with cache stampede protection
2026-02-05 20:13:36.597 [http-nio-8080-exec-5] DEBUG isa.jutjub.service.VideoPostService - Fetching video post by ID: 4 with cache stampede protection
2026-02-05 20:13:36.597 [http-nio-8080-exec-7] DEBUG isa.jutjub.service.VideoPostService - Fetching video post by ID: 3 with cache stampede protection
2026-02-05 20:13:36.597 [http-nio-8080-exec-6] DEBUG i.j.service.VideoPostCacheService - Getting video post 1 with cache protection and circuit breaker
2026-02-05 20:13:36.597 [http-nio-8080-exec-5] DEBUG i.j.service.VideoPostCacheService - Getting video post 4 with cache protection and circuit breaker
2026-02-05 20:13:36.597 [http-nio-8080-exec-2] DEBUG isa.jutjub.service.VideoPostService - Fetching video post by ID: 5 with cache stampede protection
2026-02-05 20:13:36.597 [http-nio-8080-exec-3] DEBUG i.j.service.VideoPostCacheService - Getting video post 2 with cache protection and circuit breaker
2026-02-05 20:13:36.597 [http-nio-8080-exec-7] DEBUG i.j.service.VideoPostCacheService - Getting video post 3 with cache protection and circuit breaker
2026-02-05 20:13:36.597 [http-nio-8080-exec-2] DEBUG i.j.service.VideoPostCacheService - Getting video post 5 with cache protection and circuit breaker
2026-02-05 20:13:36.604 [http-nio-8080-exec-6] DEBUG o.h.c.s.s.AbstractReadWriteAccess - Getting cached data from region [`isa.jutjub.model.VideoPost` (AccessType[read-write])] by key [isa.jutjub.model.VideoPost#1]
2026-02-05 20:13:36.604 [http-nio-8080-exec-7] DEBUG o.h.c.s.s.AbstractReadWriteAccess - Getting cached data from region [`isa.jutjub.model.VideoPost` (AccessType[read-write])] by key [isa.jutjub.model.VideoPost#3]
2026-02-05 20:13:36.604 [http-nio-8080-exec-3] DEBUG o.h.c.s.s.AbstractReadWriteAccess - Getting cached data from region [`isa.jutjub.model.VideoPost` (AccessType[read-write])] by key [isa.jutjub.model.VideoPost#2]
2026-02-05 20:13:36.604 [http-nio-8080-exec-5] DEBUG o.h.c.s.s.AbstractReadWriteAccess - Getting cached data from region [`isa.jutjub.model.VideoPost` (AccessType[read-write])] by key [isa.jutjub.model.VideoPost#4]
2026-02-05 20:13:36.604 [http-nio-8080-exec-2] DEBUG o.h.c.s.s.AbstractReadWriteAccess - Getting cached data from region [`isa.jutjub.model.VideoPost` (AccessType[read-write])] by key [isa.jutjub.model.VideoPost#5]
2026-02-05 20:13:36.605 [http-nio-8080-exec-2] DEBUG o.h.c.s.s.AbstractReadWriteAccess - Checking readability of read-write cache item [timestamp=`7251225872424960`, version=`null`] : txTimestamp=`7251225872781321`
2026-02-05 20:13:36.605 [http-nio-8080-exec-3] DEBUG o.h.c.s.s.AbstractReadWriteAccess - Checking readability of read-write cache item [timestamp=`7251225872424960`, version=`null`] : txTimestamp=`7251225872781318`
2026-02-05 20:13:36.605 [http-nio-8080-exec-2] DEBUG o.h.c.s.s.AbstractReadWriteAccess - Cache hit : region = `isa.jutjub.model.VideoPost`, key = `isa.jutjub.model.VideoPost#5`
2026-02-05 20:13:36.605 [http-nio-8080-exec-3] DEBUG o.h.c.s.s.AbstractReadWriteAccess - Cache hit : region = `isa.jutjub.model.VideoPost`, key = `isa.jutjub.model.VideoPost#2`
2026-02-05 20:13:36.605 [http-nio-8080-exec-6] DEBUG o.h.c.s.s.AbstractReadWriteAccess - Checking readability of read-write cache item [timestamp=`7251225872424960`, version=`null`] : txTimestamp=`7251225872781317`
2026-02-05 20:13:36.605 [http-nio-8080-exec-6] DEBUG o.h.c.s.s.AbstractReadWriteAccess - Cache hit : region = `isa.jutjub.model.VideoPost`, key = `isa.jutjub.model.VideoPost#1`
2026-02-05 20:13:36.605 [http-nio-8080-exec-5] DEBUG o.h.c.s.s.AbstractReadWriteAccess - Checking readability of read-write cache item [timestamp=`7251225872424960`, version=`null`] : txTimestamp=`7251225872781320`
2026-02-05 20:13:36.605 [http-nio-8080-exec-5] DEBUG o.h.c.s.s.AbstractReadWriteAccess - Cache hit : region = `isa.jutjub.model.VideoPost`, key = `isa.jutjub.model.VideoPost#4`
2026-02-05 20:13:36.605 [http-nio-8080-exec-7] DEBUG o.h.c.s.s.AbstractReadWriteAccess - Checking readability of read-write cache item [timestamp=`7251225872424960`, version=`null`] : txTimestamp=`7251225872781319`
2026-02-05 20:13:36.605 [http-nio-8080-exec-7] DEBUG o.h.c.s.s.AbstractReadWriteAccess - Cache hit : region = `isa.jutjub.model.VideoPost`, key = `isa.jutjub.model.VideoPost#3`
2026-02-05 20:13:37.189 [http-nio-8080-exec-4] DEBUG o.h.c.i.TimestampsCacheEnabledImpl - Pre-invalidating space [video_posts], timestamp: 7251226120966144
2026-02-05 20:13:37.197 [http-nio-8080-exec-4] INFO  isa.jutjub.service.VideoPostService - Incremented view count for video post ID: 5
2026-02-05 20:13:37.198 [http-nio-8080-exec-4] DEBUG o.h.c.i.TimestampsCacheEnabledImpl - Invalidating space [video_posts], timestamp: 7251225875243008
2026-02-05 20:13:58.621 [http-nio-8080-exec-5] DEBUG o.h.c.i.TimestampsCacheEnabledImpl - Pre-invalidating space [video_posts], timestamp: 7251226208751617
2026-02-05 20:13:58.622 [http-nio-8080-exec-5] INFO  isa.jutjub.service.VideoPostService - Incremented view count for video post ID: 5
2026-02-05 20:13:58.622 [http-nio-8080-exec-5] DEBUG o.h.c.i.TimestampsCacheEnabledImpl - Invalidating space [video_posts], timestamp: 7251225962995712
2026-02-05 20:24:03.580 [Thread-5] INFO  i.j.service.ThumbnailCacheService - Shutting down ThumbnailCacheService...
2026-02-05 20:24:03.580 [Thread-5] INFO  i.jutjub.service.FileUploadService - Shutting down FileUploadService...
2026-02-05 20:24:04.121 [restartedMain] DEBUG o.h.c.i.StrategyCreatorRegionFactoryImpl - RegionFactory impl [org.hibernate.cache.jcache.internal.JCacheRegionFactory] did not provide constructor accepting Properties
2026-02-05 20:24:04.121 [restartedMain] DEBUG o.h.c.i.StrategyCreatorRegionFactoryImpl - RegionFactory impl [org.hibernate.cache.jcache.internal.JCacheRegionFactory] did not provide constructor accepting Properties
2026-02-05 20:24:04.121 [restartedMain] INFO  o.h.c.i.RegionFactoryInitiator - HHH000025: Second-level cache region factory [org.hibernate.cache.jcache.internal.JCacheRegionFactory]
2026-02-05 20:24:04.164 [restartedMain] DEBUG o.h.c.s.s.DomainDataRegionTemplate - Generating entity cache access [read-write] : NavigableRole[isa.jutjub.model.User]
2026-02-05 20:24:04.165 [restartedMain] DEBUG o.h.c.s.s.DomainDataRegionTemplate - Generating collection cache access : NavigableRole[isa.jutjub.model.VideoPost.tags]
2026-02-05 20:24:04.165 [restartedMain] DEBUG o.h.c.s.s.DomainDataRegionTemplate - Generating entity cache access [read-write] : NavigableRole[isa.jutjub.model.VideoPost]
2026-02-05 20:24:04.275 [restartedMain] DEBUG o.h.s.internal.StatisticsInitiator - Statistics initialized [enabled=true]
2026-02-05 20:24:05.408 [restartedMain] DEBUG o.h.stat.internal.StatisticsImpl - HHH000117: HQL: select count(*) from VideoPost x, time: 0ms, rows: 1
2026-02-05 20:24:05.413 [restartedMain] DEBUG o.h.c.i.TimestampsCacheEnabledImpl - Pre-invalidating space [video_posts], timestamp: 7251228694171648
2026-02-05 20:24:05.413 [restartedMain] DEBUG o.h.c.s.s.AbstractReadWriteAccess - Locking cache item [region=`isa.jutjub.model.VideoPost.tags` (AccessType[read-write])] : `isa.jutjub.model.VideoPost.tags#1` (timeout=7251228694171649, version=null)
2026-02-05 20:24:05.417 [restartedMain] DEBUG o.h.c.s.s.AbstractReadWriteAccess - Skipping #remove call in read-write access to maintain SoftLock : isa.jutjub.model.VideoPost.tags#1
2026-02-05 20:24:05.417 [restartedMain] DEBUG o.h.c.i.TimestampsCacheEnabledImpl - Pre-invalidating space [video_post_tags], timestamp: 7251228694188032
2026-02-05 20:24:05.417 [restartedMain] DEBUG o.h.c.s.s.AbstractReadWriteAccess - Unlocking cache item [region=`isa.jutjub.model.VideoPost.tags` (AccessType[read-write])] : isa.jutjub.model.VideoPost.tags#1
2026-02-05 20:24:05.417 [restartedMain] DEBUG o.h.c.i.TimestampsCacheEnabledImpl - Invalidating space [video_posts], timestamp: 7251228448428034
2026-02-05 20:24:05.417 [restartedMain] DEBUG o.h.c.i.TimestampsCacheEnabledImpl - Invalidating space [video_post_tags], timestamp: 7251228448428034
2026-02-05 20:24:05.418 [restartedMain] DEBUG o.h.c.i.TimestampsCacheEnabledImpl - Pre-invalidating space [video_posts], timestamp: 7251228694192128
2026-02-05 20:24:05.418 [restartedMain] DEBUG o.h.c.s.s.AbstractReadWriteAccess - Locking cache item [region=`isa.jutjub.model.VideoPost.tags` (AccessType[read-write])] : `isa.jutjub.model.VideoPost.tags#2` (timeout=7251228694192129, version=null)
2026-02-05 20:24:05.419 [restartedMain] DEBUG o.h.c.s.s.AbstractReadWriteAccess - Skipping #remove call in read-write access to maintain SoftLock : isa.jutjub.model.VideoPost.tags#2
2026-02-05 20:24:05.419 [restartedMain] DEBUG o.h.c.i.TimestampsCacheEnabledImpl - Pre-invalidating space [video_post_tags], timestamp: 7251228694196224
2026-02-05 20:24:05.419 [restartedMain] DEBUG o.h.c.s.s.AbstractReadWriteAccess - Unlocking cache item [region=`isa.jutjub.model.VideoPost.tags` (AccessType[read-write])] : isa.jutjub.model.VideoPost.tags#2
2026-02-05 20:24:05.419 [restartedMain] DEBUG o.h.c.i.TimestampsCacheEnabledImpl - Invalidating space [video_posts], timestamp: 7251228448436226
2026-02-05 20:24:05.419 [restartedMain] DEBUG o.h.c.i.TimestampsCacheEnabledImpl - Invalidating space [video_post_tags], timestamp: 7251228448436226
2026-02-05 20:24:05.419 [restartedMain] DEBUG o.h.c.i.TimestampsCacheEnabledImpl - Pre-invalidating space [video_posts], timestamp: 7251228694196229
2026-02-05 20:24:05.421 [restartedMain] DEBUG o.h.c.s.s.AbstractReadWriteAccess - Locking cache item [region=`isa.jutjub.model.VideoPost.tags` (AccessType[read-write])] : `isa.jutjub.model.VideoPost.tags#3` (timeout=7251228694204416, version=null)
2026-02-05 20:24:05.421 [restartedMain] DEBUG o.h.c.s.s.AbstractReadWriteAccess - Skipping #remove call in read-write access to maintain SoftLock : isa.jutjub.model.VideoPost.tags#3
2026-02-05 20:24:05.422 [restartedMain] DEBUG o.h.c.i.TimestampsCacheEnabledImpl - Pre-invalidating space [video_post_tags], timestamp: 7251228694208512
2026-02-05 20:24:05.422 [restartedMain] DEBUG o.h.c.s.s.AbstractReadWriteAccess - Unlocking cache item [region=`isa.jutjub.model.VideoPost.tags` (AccessType[read-write])] : isa.jutjub.model.VideoPost.tags#3
2026-02-05 20:24:05.422 [restartedMain] DEBUG o.h.c.i.TimestampsCacheEnabledImpl - Invalidating space [video_posts], timestamp: 7251228448448514
2026-02-05 20:24:05.422 [restartedMain] DEBUG o.h.c.i.TimestampsCacheEnabledImpl - Invalidating space [video_post_tags], timestamp: 7251228448448514
2026-02-05 20:24:05.422 [restartedMain] DEBUG o.h.c.i.TimestampsCacheEnabledImpl - Pre-invalidating space [video_posts], timestamp: 7251228694208517
2026-02-05 20:24:05.422 [restartedMain] DEBUG o.h.c.s.s.AbstractReadWriteAccess - Locking cache item [region=`isa.jutjub.model.VideoPost.tags` (AccessType[read-write])] : `isa.jutjub.model.VideoPost.tags#4` (timeout=7251228694208518, version=null)
2026-02-05 20:24:05.424 [restartedMain] DEBUG o.h.c.s.s.AbstractReadWriteAccess - Skipping #remove call in read-write access to maintain SoftLock : isa.jutjub.model.VideoPost.tags#4
2026-02-05 20:24:05.424 [restartedMain] DEBUG o.h.c.i.TimestampsCacheEnabledImpl - Pre-invalidating space [video_post_tags], timestamp: 7251228694216704
2026-02-05 20:24:05.424 [restartedMain] DEBUG o.h.c.s.s.AbstractReadWriteAccess - Unlocking cache item [region=`isa.jutjub.model.VideoPost.tags` (AccessType[read-write])] : isa.jutjub.model.VideoPost.tags#4
2026-02-05 20:24:05.424 [restartedMain] DEBUG o.h.c.i.TimestampsCacheEnabledImpl - Invalidating space [video_posts], timestamp: 7251228448456706
2026-02-05 20:24:05.424 [restartedMain] DEBUG o.h.c.i.TimestampsCacheEnabledImpl - Invalidating space [video_post_tags], timestamp: 7251228448456706
2026-02-05 20:24:05.424 [restartedMain] DEBUG o.h.c.i.TimestampsCacheEnabledImpl - Pre-invalidating space [video_posts], timestamp: 7251228694216709
2026-02-05 20:24:05.424 [restartedMain] DEBUG o.h.c.s.s.AbstractReadWriteAccess - Locking cache item [region=`isa.jutjub.model.VideoPost.tags` (AccessType[read-write])] : `isa.jutjub.model.VideoPost.tags#5` (timeout=7251228694216710, version=null)
2026-02-05 20:24:05.425 [restartedMain] DEBUG o.h.c.s.s.AbstractReadWriteAccess - Skipping #remove call in read-write access to maintain SoftLock : isa.jutjub.model.VideoPost.tags#5
2026-02-05 20:24:05.425 [restartedMain] DEBUG o.h.c.i.TimestampsCacheEnabledImpl - Pre-invalidating space [video_post_tags], timestamp: 7251228694220800
2026-02-05 20:24:05.425 [restartedMain] DEBUG o.h.c.s.s.AbstractReadWriteAccess - Unlocking cache item [region=`isa.jutjub.model.VideoPost.tags` (AccessType[read-write])] : isa.jutjub.model.VideoPost.tags#5
2026-02-05 20:24:05.425 [restartedMain] DEBUG o.h.c.i.TimestampsCacheEnabledImpl - Invalidating space [video_posts], timestamp: 7251228448460802
2026-02-05 20:24:05.425 [restartedMain] DEBUG o.h.c.i.TimestampsCacheEnabledImpl - Invalidating space [video_post_tags], timestamp: 7251228448460802
2026-02-05 20:24:05.485 [restartedMain] DEBUG o.h.c.i.TimestampsCacheEnabledImpl - Pre-invalidating space [users], timestamp: 7251228694466560
2026-02-05 20:24:05.485 [restartedMain] DEBUG o.h.c.i.TimestampsCacheEnabledImpl - Invalidating space [users], timestamp: 7251228448706561
2026-02-05 20:24:05.622 [http-nio-8080-exec-1] DEBUG isa.jutjub.service.VideoPostService - Fetching video post by ID: 5 with cache stampede protection
2026-02-05 20:24:05.622 [http-nio-8080-exec-1] DEBUG i.j.service.VideoPostCacheService - Getting video post 5 with cache protection and circuit breaker
2026-02-05 20:24:05.622 [http-nio-8080-exec-1] DEBUG o.h.c.s.s.AbstractReadWriteAccess - Getting cached data from region [`isa.jutjub.model.VideoPost` (AccessType[read-write])] by key [isa.jutjub.model.VideoPost#5]
2026-02-05 20:24:05.622 [http-nio-8080-exec-1] DEBUG o.h.c.s.s.AbstractReadWriteAccess - Cache miss : region = `isa.jutjub.model.VideoPost`, key = `isa.jutjub.model.VideoPost#5`
2026-02-05 20:24:05.638 [http-nio-8080-exec-1] DEBUG o.h.c.s.s.AbstractReadWriteAccess - Caching data from load [region=`isa.jutjub.model.VideoPost` (AccessType[read-write])] : key[isa.jutjub.model.VideoPost#5] -> value[CacheEntry(isa.jutjub.model.VideoPost)]
2026-02-05 20:24:05.641 [http-nio-8080-exec-1] DEBUG o.h.c.i.TimestampsCacheEnabledImpl - Pre-invalidating space [video_posts], timestamp: 7251228695105537
2026-02-05 20:24:05.643 [http-nio-8080-exec-1] INFO  isa.jutjub.service.VideoPostService - Incremented view count for video post ID: 5
2026-02-05 20:24:05.643 [http-nio-8080-exec-1] DEBUG o.h.c.i.TimestampsCacheEnabledImpl - Invalidating space [video_posts], timestamp: 7251228449353728
2026-02-05 20:24:05.646 [http-nio-8080-exec-1] DEBUG o.h.c.s.s.AbstractReadWriteAccess - Getting cached data from region [`isa.jutjub.model.VideoPost.tags` (AccessType[read-write])] by key [isa.jutjub.model.VideoPost.tags#5]
2026-02-05 20:24:05.646 [http-nio-8080-exec-1] DEBUG o.h.c.s.s.AbstractReadWriteAccess - Cache hit, but item is unreadable/invalid : region = `isa.jutjub.model.VideoPost.tags`, key = `isa.jutjub.model.VideoPost.tags#5`
2026-02-05 20:24:05.646 [http-nio-8080-exec-1] DEBUG o.h.c.s.s.AbstractReadWriteAccess - Caching data from load [region=`isa.jutjub.model.VideoPost.tags` (AccessType[read-write])] : key[isa.jutjub.model.VideoPost.tags#5] -> value[CollectionCacheEntry[exploration,urban,city,travel]]
2026-02-05 20:24:05.647 [http-nio-8080-exec-1] DEBUG o.h.c.s.s.AbstractReadWriteAccess - Checking writeability of read-write cache lock [timeout=`7251228694216710`, lockId=`4`, version=`null`, sourceUuid=97837fe6-163e-4f93-99a1-57129758709f, multiplicity=`0`, unlockTimestamp=`7251228448460801`] : txTimestamp=`7251228449345536`, newVersion=`null`
2026-02-05 20:24:05.668 [http-nio-8080-exec-2] INFO  i.jutjub.service.FileUploadService - Loading video file from path: /videos/urban_exploration.mp4 -> normalized: \videos\urban_exploration.mp4
2026-02-05 20:24:05.668 [http-nio-8080-exec-2] INFO  i.jutjub.service.FileUploadService - Resource created: urban_exploration.mp4, exists: false, readable: false
2026-02-05 20:24:05.669 [http-nio-8080-exec-2] INFO  i.jutjub.service.FileUploadService - Trying Unix path format: \videos\urban_exploration.mp4
2026-02-05 20:24:05.669 [http-nio-8080-exec-2] INFO  i.jutjub.service.FileUploadService - Unix path resource exists: false, readable: false
2026-02-05 20:24:05.669 [http-nio-8080-exec-2] ERROR i.jutjub.service.FileUploadService - Video file not found or not readable: /videos/urban_exploration.mp4
2026-02-05 20:24:05.669 [http-nio-8080-exec-2] ERROR i.jutjub.service.FileUploadService - Failed to load video file: /videos/urban_exploration.mp4
java.lang.RuntimeException: Video file not found: /videos/urban_exploration.mp4
	at isa.jutjub.service.FileUploadService.getVideoFile(FileUploadService.java:203)
	at isa.jutjub.service.VideoPostService.getVideoFile(VideoPostService.java:297)
	at java.base/jdk.internal.reflect.NativeMethodAccessorImpl.invoke0(Native Method)
	at java.base/jdk.internal.reflect.NativeMethodAccessorImpl.invoke(NativeMethodAccessorImpl.java:77)
	at java.base/jdk.internal.reflect.DelegatingMethodAccessorImpl.invoke(DelegatingMethodAccessorImpl.java:43)
	at java.base/java.lang.reflect.Method.invoke(Method.java:568)
	at org.springframework.aop.support.AopUtils.invokeJoinpointUsingReflection(AopUtils.java:360)
	at org.springframework.aop.framework.ReflectiveMethodInvocation.invokeJoinpoint(ReflectiveMethodInvocation.java:196)
	at org.springframework.aop.framework.ReflectiveMethodInvocation.proceed(ReflectiveMethodInvocation.java:163)
	at org.springframework.transaction.interceptor.TransactionAspectSupport.invokeWithinTransaction(TransactionAspectSupport.java:380)
	at org.springframework.transaction.interceptor.TransactionInterceptor.invoke(TransactionInterceptor.java:119)
	at org.springframework.aop.framework.ReflectiveMethodInvocation.proceed(ReflectiveMethodInvocation.java:184)
	at org.springframework.aop.framework.CglibAopProxy$DynamicAdvisedInterceptor.intercept(CglibAopProxy.java:728)
	at isa.jutjub.service.VideoPostService$$SpringCGLIB$$0.getVideoFile(<generated>)
	at isa.jutjub.controller.VideoPostController.serveVideo(VideoPostController.java:523)
	at java.base/jdk.internal.reflect.NativeMethodAccessorImpl.invoke0(Native Method)
	at java.base/jdk.internal.reflect.NativeMethodAccessorImpl.invoke(NativeMethodAccessorImpl.java:77)
	at java.base/jdk.internal.reflect.DelegatingMethodAccessorImpl.invoke(DelegatingMethodAccessorImpl.java:43)
	at java.base/java.lang.reflect.Method.invoke(Method.java:568)
	at org.springframework.web.method.support.InvocableHandlerMethod.doInvoke(InvocableHandlerMethod.java:258)
	at org.springframework.web.method.support.InvocableHandlerMethod.invokeForRequest(InvocableHandlerMethod.java:191)
	at org.springframework.web.servlet.mvc.method.annotation.ServletInvocableHandlerMethod.invokeAndHandle(ServletInvocableHandlerMethod.java:118)
	at org.springframework.web.servlet.mvc.method.annotation.RequestMappingHandlerAdapter.invokeHandlerMethod(RequestMappingHandlerAdapter.java:991)
	at org.springframework.web.servlet.mvc.method.annotation.RequestMappingHandlerAdapter.handleInternal(RequestMappingHandlerAdapter.java:896)
	at org.springframework.web.servlet.mvc.method.AbstractHandlerMethodAdapter.handle(AbstractHandlerMethodAdapter.java:87)
	at org.springframework.web.servlet.DispatcherServlet.doDispatch(DispatcherServlet.java:1089)
	at org.springframework.web.servlet.DispatcherServlet.doService(DispatcherServlet.java:979)
	at org.springframework.web.servlet.FrameworkServlet.processRequest(FrameworkServlet.java:1014)
	at org.springframework.web.servlet.FrameworkServlet.doGet(FrameworkServlet.java:903)
	at jakarta.servlet.http.HttpServlet.service(HttpServlet.java:564)
	at org.springframework.web.servlet.FrameworkServlet.service(FrameworkServlet.java:885)
	at jakarta.servlet.http.HttpServlet.service(HttpServlet.java:658)
	at org.apache.catalina.core.ApplicationFilterChain.internalDoFilter(ApplicationFilterChain.java:193)
	at org.apache.catalina.core.ApplicationFilterChain.doFilter(ApplicationFilterChain.java:138)
	at org.apache.tomcat.websocket.server.WsFilter.doFilter(WsFilter.java:51)
	at org.apache.catalina.core.ApplicationFilterChain.internalDoFilter(ApplicationFilterChain.java:162)
	at org.apache.catalina.core.ApplicationFilterChain.doFilter(ApplicationFilterChain.java:138)
	at org.springframework.web.filter.OncePerRequestFilter.doFilter(OncePerRequestFilter.java:101)
	at org.apache.catalina.core.ApplicationFilterChain.internalDoFilter(ApplicationFilterChain.java:162)
	at org.apache.catalina.core.ApplicationFilterChain.doFilter(ApplicationFilterChain.java:138)
	at org.springframework.web.servlet.resource.ResourceUrlEncodingFilter.doFilter(ResourceUrlEncodingFilter.java:66)
	at org.apache.catalina.core.ApplicationFilterChain.internalDoFilter(ApplicationFilterChain.java:162)
	at org.apache.catalina.core.ApplicationFilterChain.doFilter(ApplicationFilterChain.java:138)
	at org.springframework.web.filter.CompositeFilter$VirtualFilterChain.doFilter(CompositeFilter.java:108)
	at org.springframework.web.filter.CompositeFilter$VirtualFilterChain.doFilter(CompositeFilter.java:108)
	at org.springframework.security.web.FilterChainProxy.lambda$doFilterInternal$3(FilterChainProxy.java:231)
	at org.springframework.security.web.FilterChainProxy$VirtualFilterChain.doFilter(FilterChainProxy.java:365)
	at org.springframework.security.web.access.intercept.AuthorizationFilter.doFilter(AuthorizationFilter.java:101)
	at org.springframework.security.web.FilterChainProxy$VirtualFilterChain.doFilter(FilterChainProxy.java:374)
	at org.springframework.security.web.access.ExceptionTranslationFilter.doFilter(ExceptionTranslationFilter.java:125)
	at org.springframework.security.web.access.ExceptionTranslationFilter.doFilter(ExceptionTranslationFilter.java:119)
	at org.springframework.security.web.FilterChainProxy$VirtualFilterChain.doFilter(FilterChainProxy.java:374)
	at org.springframework.security.web.authentication.AnonymousAuthenticationFilter.doFilter(AnonymousAuthenticationFilter.java:100)
	at org.springframework.security.web.FilterChainProxy$VirtualFilterChain.doFilter(FilterChainProxy.java:374)
	at org.springframework.security.web.servletapi.SecurityContextHolderAwareRequestFilter.doFilter(SecurityContextHolderAwareRequestFilter.java:179)
	at org.springframework.security.web.FilterChainProxy$VirtualFilterChain.doFilter(FilterChainProxy.java:374)
	at org.springframework.security.web.savedrequest.RequestCacheAwareFilter.doFilter(RequestCacheAwareFilter.java:63)
	at org.springframework.security.web.FilterChainProxy$VirtualFilterChain.doFilter(FilterChainProxy.java:374)
	at org.springframework.security.web.authentication.logout.LogoutFilter.doFilter(LogoutFilter.java:107)
	at org.springframework.security.web.authentication.logout.LogoutFilter.doFilter(LogoutFilter.java:93)
	at org.springframework.security.web.FilterChainProxy$VirtualFilterChain.doFilter(FilterChainProxy.java:374)
	at org.springframework.web.filter.CorsFilter.doFilterInternal(CorsFilter.java:91)
	at org.springframework.web.filter.OncePerRequestFilter.doFilter(OncePerRequestFilter.java:116)
	at org.springframework.security.web.FilterChainProxy$VirtualFilterChain.doFilter(FilterChainProxy.java:374)
	at org.springframework.security.web.header.HeaderWriterFilter.doHeadersAfter(HeaderWriterFilter.java:90)
	at org.springframework.security.web.header.HeaderWriterFilter.doFilterInternal(HeaderWriterFilter.java:75)
	at org.springframework.web.filter.OncePerRequestFilter.doFilter(OncePerRequestFilter.java:116)
	at org.springframework.security.web.FilterChainProxy$VirtualFilterChain.doFilter(FilterChainProxy.java:374)
	at org.springframework.security.web.context.SecurityContextHolderFilter.doFilter(SecurityContextHolderFilter.java:82)
	at org.springframework.security.web.context.SecurityContextHolderFilter.doFilter(SecurityContextHolderFilter.java:69)
	at org.springframework.security.web.FilterChainProxy$VirtualFilterChain.doFilter(FilterChainProxy.java:374)
	at org.springframework.security.web.context.request.async.WebAsyncManagerIntegrationFilter.doFilterInternal(WebAsyncManagerIntegrationFilter.java:62)
	at org.springframework.web.filter.OncePerRequestFilter.doFilter(OncePerRequestFilter.java:116)
	at org.springframework.security.web.FilterChainProxy$VirtualFilterChain.doFilter(FilterChainProxy.java:374)
	at org.springframework.security.web.session.DisableEncodeUrlFilter.doFilterInternal(DisableEncodeUrlFilter.java:42)
	at org.springframework.web.filter.OncePerRequestFilter.doFilter(OncePerRequestFilter.java:116)
	at org.springframework.security.web.FilterChainProxy$VirtualFilterChain.doFilter(FilterChainProxy.java:374)
	at org.springframework.security.web.FilterChainProxy.doFilterInternal(FilterChainProxy.java:233)
	at org.springframework.security.web.FilterChainProxy.doFilter(FilterChainProxy.java:191)
	at org.springframework.web.filter.CompositeFilter$VirtualFilterChain.doFilter(CompositeFilter.java:113)
	at org.springframework.web.filter.ServletRequestPathFilter.doFilter(ServletRequestPathFilter.java:52)
	at org.springframework.web.filter.CompositeFilter$VirtualFilterChain.doFilter(CompositeFilter.java:113)
	at org.springframework.web.filter.CompositeFilter.doFilter(CompositeFilter.java:74)
	at org.springframework.security.config.annotation.web.configuration.WebSecurityConfiguration$CompositeFilterChainProxy.doFilter(WebSecurityConfiguration.java:319)
	at org.springframework.web.filter.CompositeFilter$VirtualFilterChain.doFilter(CompositeFilter.java:113)
	at org.springframework.web.servlet.handler.HandlerMappingIntrospector.lambda$createCacheFilter$4(HandlerMappingIntrospector.java:267)
	at org.springframework.web.filter.CompositeFilter$VirtualFilterChain.doFilter(CompositeFilter.java:113)
	at org.springframework.web.filter.CompositeFilter.doFilter(CompositeFilter.java:74)
	at org.springframework.security.config.annotation.web.configuration.WebMvcSecurityConfiguration$CompositeFilterChainProxy.doFilter(WebMvcSecurityConfiguration.java:240)
	at org.springframework.web.filter.DelegatingFilterProxy.invokeDelegate(DelegatingFilterProxy.java:362)
	at org.springframework.web.filter.DelegatingFilterProxy.doFilter(DelegatingFilterProxy.java:278)
	at org.apache.catalina.core.ApplicationFilterChain.internalDoFilter(ApplicationFilterChain.java:162)
	at org.apache.catalina.core.ApplicationFilterChain.doFilter(ApplicationFilterChain.java:138)
	at org.springframework.web.filter.RequestContextFilter.doFilterInternal(RequestContextFilter.java:100)
	at org.springframework.web.filter.OncePerRequestFilter.doFilter(OncePerRequestFilter.java:116)
	at org.apache.catalina.core.ApplicationFilterChain.internalDoFilter(ApplicationFilterChain.java:162)
	at org.apache.catalina.core.ApplicationFilterChain.doFilter(ApplicationFilterChain.java:138)
	at org.springframework.web.filter.FormContentFilter.doFilterInternal(FormContentFilter.java:93)
	at org.springframework.web.filter.OncePerRequestFilter.doFilter(OncePerRequestFilter.java:116)
	at org.apache.catalina.core.ApplicationFilterChain.internalDoFilter(ApplicationFilterChain.java:162)
	at org.apache.catalina.core.ApplicationFilterChain.doFilter(ApplicationFilterChain.java:138)
	at org.springframework.web.filter.CharacterEncodingFilter.doFilterInternal(CharacterEncodingFilter.java:201)
	at org.springframework.web.filter.OncePerRequestFilter.doFilter(OncePerRequestFilter.java:116)
	at org.apache.catalina.core.ApplicationFilterChain.internalDoFilter(ApplicationFilterChain.java:162)
	at org.apache.catalina.core.ApplicationFilterChain.doFilter(ApplicationFilterChain.java:138)
	at org.apache.catalina.core.StandardWrapperValve.invoke(StandardWrapperValve.java:165)
	at org.apache.catalina.core.StandardContextValve.invoke(StandardContextValve.java:88)
	at org.apache.catalina.authenticator.AuthenticatorBase.invoke(AuthenticatorBase.java:482)
	at org.apache.catalina.core.StandardHostValve.invoke(StandardHostValve.java:113)
	at org.apache.catalina.valves.ErrorReportValve.invoke(ErrorReportValve.java:83)
	at org.apache.catalina.core.StandardEngineValve.invoke(StandardEngineValve.java:72)
	at org.apache.catalina.connector.CoyoteAdapter.service(CoyoteAdapter.java:342)
	at org.apache.coyote.http11.Http11Processor.service(Http11Processor.java:399)
	at org.apache.coyote.AbstractProcessorLight.process(AbstractProcessorLight.java:63)
	at org.apache.coyote.AbstractProtocol$ConnectionHandler.process(AbstractProtocol.java:903)
	at org.apache.tomcat.util.net.NioEndpoint$SocketProcessor.doRun(NioEndpoint.java:1774)
	at org.apache.tomcat.util.net.SocketProcessorBase.run(SocketProcessorBase.java:52)
	at org.apache.tomcat.util.threads.ThreadPoolExecutor.runWorker(ThreadPoolExecutor.java:973)
	at org.apache.tomcat.util.threads.ThreadPoolExecutor$Worker.run(ThreadPoolExecutor.java:491)
	at org.apache.tomcat.util.threads.TaskThread$WrappingRunnable.run(TaskThread.java:63)
	at java.base/java.lang.Thread.run(Thread.java:833)
2026-02-05 20:24:07.125 [http-nio-8080-exec-4] DEBUG isa.jutjub.service.VideoPostService - Fetching all video posts with pagination: page 0, size 10
2026-02-05 20:24:07.127 [http-nio-8080-exec-4] DEBUG o.h.c.s.s.AbstractReadWriteAccess - Caching data from load [region=`isa.jutjub.model.VideoPost` (AccessType[read-write])] : key[isa.jutjub.model.VideoPost#5] -> value[CacheEntry(isa.jutjub.model.VideoPost)]
2026-02-05 20:24:07.127 [http-nio-8080-exec-4] DEBUG o.h.c.s.s.AbstractReadWriteAccess - Caching data from load [region=`isa.jutjub.model.VideoPost` (AccessType[read-write])] : key[isa.jutjub.model.VideoPost#4] -> value[CacheEntry(isa.jutjub.model.VideoPost)]
2026-02-05 20:24:07.128 [http-nio-8080-exec-4] DEBUG o.h.c.s.s.AbstractReadWriteAccess - Caching data from load [region=`isa.jutjub.model.VideoPost` (AccessType[read-write])] : key[isa.jutjub.model.VideoPost#3] -> value[CacheEntry(isa.jutjub.model.VideoPost)]
2026-02-05 20:24:07.129 [http-nio-8080-exec-4] DEBUG o.h.c.s.s.AbstractReadWriteAccess - Caching data from load [region=`isa.jutjub.model.VideoPost` (AccessType[read-write])] : key[isa.jutjub.model.VideoPost#2] -> value[CacheEntry(isa.jutjub.model.VideoPost)]
2026-02-05 20:24:07.129 [http-nio-8080-exec-4] DEBUG o.h.c.s.s.AbstractReadWriteAccess - Caching data from load [region=`isa.jutjub.model.VideoPost` (AccessType[read-write])] : key[isa.jutjub.model.VideoPost#1] -> value[CacheEntry(isa.jutjub.model.VideoPost)]
2026-02-05 20:24:07.129 [http-nio-8080-exec-4] DEBUG o.h.stat.internal.StatisticsImpl - HHH000117: HQL: [CRITERIA] select vp1_0.id,vp1_0.comments_count,vp1_0.created_at,vp1_0.deleted,vp1_0.likes_count,vp1_0.location,vp1_0.thumbnail_path,vp1_0.title,vp1_0.updated_at,vp1_0.upload_duration_ms,vp1_0.video_description,vp1_0.video_file_size,vp1_0.video_path,vp1_0.views_count from video_posts vp1_0 order by vp1_0.created_at desc offset ? rows fetch first ? rows only, time: 2ms, rows: 5
2026-02-05 20:24:07.130 [http-nio-8080-exec-4] DEBUG o.h.c.s.s.AbstractReadWriteAccess - Getting cached data from region [`isa.jutjub.model.VideoPost.tags` (AccessType[read-write])] by key [isa.jutjub.model.VideoPost.tags#5]
2026-02-05 20:24:07.130 [http-nio-8080-exec-4] DEBUG o.h.c.s.s.AbstractReadWriteAccess - Checking readability of read-write cache item [timestamp=`7251228449345536`, version=`null`] : txTimestamp=`7251228455424000`
2026-02-05 20:24:07.130 [http-nio-8080-exec-4] DEBUG o.h.c.s.s.AbstractReadWriteAccess - Cache hit : region = `isa.jutjub.model.VideoPost.tags`, key = `isa.jutjub.model.VideoPost.tags#5`
2026-02-05 20:24:07.130 [http-nio-8080-exec-4] DEBUG o.h.c.s.s.AbstractReadWriteAccess - Getting cached data from region [`isa.jutjub.model.VideoPost.tags` (AccessType[read-write])] by key [isa.jutjub.model.VideoPost.tags#4]
2026-02-05 20:24:07.130 [http-nio-8080-exec-4] DEBUG o.h.c.s.s.AbstractReadWriteAccess - Cache hit, but item is unreadable/invalid : region = `isa.jutjub.model.VideoPost.tags`, key = `isa.jutjub.model.VideoPost.tags#4`
2026-02-05 20:24:07.132 [http-nio-8080-exec-4] DEBUG o.h.c.s.s.AbstractReadWriteAccess - Caching data from load [region=`isa.jutjub.model.VideoPost.tags` (AccessType[read-write])] : key[isa.jutjub.model.VideoPost.tags#4] -> value[CollectionCacheEntry[fitness,wellness,yoga,beginners]]
2026-02-05 20:24:07.132 [http-nio-8080-exec-4] DEBUG o.h.c.s.s.AbstractReadWriteAccess - Checking writeability of read-write cache lock [timeout=`7251228694208518`, lockId=`3`, version=`null`, sourceUuid=97837fe6-163e-4f93-99a1-57129758709f, multiplicity=`0`, unlockTimestamp=`7251228448456705`] : txTimestamp=`7251228455424000`, newVersion=`null`
2026-02-05 20:24:07.132 [http-nio-8080-exec-4] DEBUG o.h.c.s.s.AbstractReadWriteAccess - Getting cached data from region [`isa.jutjub.model.VideoPost.tags` (AccessType[read-write])] by key [isa.jutjub.model.VideoPost.tags#3]
2026-02-05 20:24:07.132 [http-nio-8080-exec-4] DEBUG o.h.c.s.s.AbstractReadWriteAccess - Cache hit, but item is unreadable/invalid : region = `isa.jutjub.model.VideoPost.tags`, key = `isa.jutjub.model.VideoPost.tags#3`
2026-02-05 20:24:07.132 [http-nio-8080-exec-4] DEBUG o.h.c.s.s.AbstractReadWriteAccess - Caching data from load [region=`isa.jutjub.model.VideoPost.tags` (AccessType[read-write])] : key[isa.jutjub.model.VideoPost.tags#3] -> value[CollectionCacheEntry[tech,smartphone,review,technology]]
2026-02-05 20:24:07.132 [http-nio-8080-exec-4] DEBUG o.h.c.s.s.AbstractReadWriteAccess - Checking writeability of read-write cache lock [timeout=`7251228694204416`, lockId=`2`, version=`null`, sourceUuid=97837fe6-163e-4f93-99a1-57129758709f, multiplicity=`0`, unlockTimestamp=`7251228448448513`] : txTimestamp=`7251228455424000`, newVersion=`null`
2026-02-05 20:24:07.132 [http-nio-8080-exec-4] DEBUG o.h.c.s.s.AbstractReadWriteAccess - Getting cached data from region [`isa.jutjub.model.VideoPost.tags` (AccessType[read-write])] by key [isa.jutjub.model.VideoPost.tags#2]
2026-02-05 20:24:07.132 [http-nio-8080-exec-4] DEBUG o.h.c.s.s.AbstractReadWriteAccess - Cache hit, but item is unreadable/invalid : region = `isa.jutjub.model.VideoPost.tags`, key = `isa.jutjub.model.VideoPost.tags#2`
2026-02-05 20:24:07.133 [http-nio-8080-exec-4] DEBUG o.h.c.s.s.AbstractReadWriteAccess - Caching data from load [region=`isa.jutjub.model.VideoPost.tags` (AccessType[read-write])] : key[isa.jutjub.model.VideoPost.tags#2] -> value[CollectionCacheEntry[pasta,recipe,italian,cooking]]
2026-02-05 20:24:07.133 [http-nio-8080-exec-4] DEBUG o.h.c.s.s.AbstractReadWriteAccess - Checking writeability of read-write cache lock [timeout=`7251228694192129`, lockId=`1`, version=`null`, sourceUuid=97837fe6-163e-4f93-99a1-57129758709f, multiplicity=`0`, unlockTimestamp=`7251228448436225`] : txTimestamp=`7251228455424000`, newVersion=`null`
2026-02-05 20:24:07.133 [http-nio-8080-exec-4] DEBUG o.h.c.s.s.AbstractReadWriteAccess - Getting cached data from region [`isa.jutjub.model.VideoPost.tags` (AccessType[read-write])] by key [isa.jutjub.model.VideoPost.tags#1]
2026-02-05 20:24:07.133 [http-nio-8080-exec-4] DEBUG o.h.c.s.s.AbstractReadWriteAccess - Cache hit, but item is unreadable/invalid : region = `isa.jutjub.model.VideoPost.tags`, key = `isa.jutjub.model.VideoPost.tags#1`
2026-02-05 20:24:07.133 [http-nio-8080-exec-4] DEBUG o.h.c.s.s.AbstractReadWriteAccess - Caching data from load [region=`isa.jutjub.model.VideoPost.tags` (AccessType[read-write])] : key[isa.jutjub.model.VideoPost.tags#1] -> value[CollectionCacheEntry[nature,travel,documentary,wildlife]]
2026-02-05 20:24:07.133 [http-nio-8080-exec-4] DEBUG o.h.c.s.s.AbstractReadWriteAccess - Checking writeability of read-write cache lock [timeout=`7251228694171649`, lockId=`0`, version=`null`, sourceUuid=97837fe6-163e-4f93-99a1-57129758709f, multiplicity=`0`, unlockTimestamp=`7251228448428033`] : txTimestamp=`7251228455424000`, newVersion=`null`
2026-02-05 20:24:07.144 [http-nio-8080-exec-6] DEBUG isa.jutjub.service.VideoPostService - Fetching video post by ID: 4 with cache stampede protection
2026-02-05 20:24:07.144 [http-nio-8080-exec-6] DEBUG i.j.service.VideoPostCacheService - Getting video post 4 with cache protection and circuit breaker
2026-02-05 20:24:07.144 [http-nio-8080-exec-7] DEBUG isa.jutjub.service.VideoPostService - Fetching video post by ID: 3 with cache stampede protection
2026-02-05 20:24:07.144 [http-nio-8080-exec-7] DEBUG i.j.service.VideoPostCacheService - Getting video post 3 with cache protection and circuit breaker
2026-02-05 20:24:07.144 [http-nio-8080-exec-6] DEBUG o.h.c.s.s.AbstractReadWriteAccess - Getting cached data from region [`isa.jutjub.model.VideoPost` (AccessType[read-write])] by key [isa.jutjub.model.VideoPost#4]
2026-02-05 20:24:07.144 [http-nio-8080-exec-7] DEBUG o.h.c.s.s.AbstractReadWriteAccess - Getting cached data from region [`isa.jutjub.model.VideoPost` (AccessType[read-write])] by key [isa.jutjub.model.VideoPost#3]
2026-02-05 20:24:07.144 [http-nio-8080-exec-6] DEBUG o.h.c.s.s.AbstractReadWriteAccess - Checking readability of read-write cache item [timestamp=`7251228455424000`, version=`null`] : txTimestamp=`7251228455501827`
2026-02-05 20:24:07.144 [http-nio-8080-exec-6] DEBUG o.h.c.s.s.AbstractReadWriteAccess - Cache hit : region = `isa.jutjub.model.VideoPost`, key = `isa.jutjub.model.VideoPost#4`
2026-02-05 20:24:07.145 [http-nio-8080-exec-9] DEBUG isa.jutjub.service.VideoPostService - Fetching video post by ID: 1 with cache stampede protection
2026-02-05 20:24:07.145 [http-nio-8080-exec-9] DEBUG i.j.service.VideoPostCacheService - Getting video post 1 with cache protection and circuit breaker
2026-02-05 20:24:07.145 [http-nio-8080-exec-8] DEBUG isa.jutjub.service.VideoPostService - Fetching video post by ID: 2 with cache stampede protection
2026-02-05 20:24:07.145 [http-nio-8080-exec-8] DEBUG i.j.service.VideoPostCacheService - Getting video post 2 with cache protection and circuit breaker
2026-02-05 20:24:07.145 [http-nio-8080-exec-7] DEBUG o.h.c.s.s.AbstractReadWriteAccess - Checking readability of read-write cache item [timestamp=`7251228455424000`, version=`null`] : txTimestamp=`7251228455501828`
2026-02-05 20:24:07.145 [http-nio-8080-exec-9] DEBUG o.h.c.s.s.AbstractReadWriteAccess - Getting cached data from region [`isa.jutjub.model.VideoPost` (AccessType[read-write])] by key [isa.jutjub.model.VideoPost#1]
2026-02-05 20:24:07.145 [http-nio-8080-exec-7] DEBUG o.h.c.s.s.AbstractReadWriteAccess - Cache hit : region = `isa.jutjub.model.VideoPost`, key = `isa.jutjub.model.VideoPost#3`
2026-02-05 20:24:07.145 [http-nio-8080-exec-8] DEBUG o.h.c.s.s.AbstractReadWriteAccess - Getting cached data from region [`isa.jutjub.model.VideoPost` (AccessType[read-write])] by key [isa.jutjub.model.VideoPost#2]
2026-02-05 20:24:07.145 [http-nio-8080-exec-9] DEBUG o.h.c.s.s.AbstractReadWriteAccess - Checking readability of read-write cache item [timestamp=`7251228455424000`, version=`null`] : txTimestamp=`7251228455505921`
2026-02-05 20:24:07.145 [http-nio-8080-exec-9] DEBUG o.h.c.s.s.AbstractReadWriteAccess - Cache hit : region = `isa.jutjub.model.VideoPost`, key = `isa.jutjub.model.VideoPost#1`
2026-02-05 20:24:07.145 [http-nio-8080-exec-8] DEBUG o.h.c.s.s.AbstractReadWriteAccess - Checking readability of read-write cache item [timestamp=`7251228455424000`, version=`null`] : txTimestamp=`7251228455505920`
2026-02-05 20:24:07.145 [http-nio-8080-exec-8] DEBUG o.h.c.s.s.AbstractReadWriteAccess - Cache hit : region = `isa.jutjub.model.VideoPost`, key = `isa.jutjub.model.VideoPost#2`
2026-02-05 20:24:08.007 [http-nio-8080-exec-10] DEBUG o.h.c.i.TimestampsCacheEnabledImpl - Pre-invalidating space [video_posts], timestamp: 7251228704796673
2026-02-05 20:24:08.008 [http-nio-8080-exec-10] INFO  isa.jutjub.service.VideoPostService - Incremented view count for video post ID: 5
2026-02-05 20:24:08.008 [http-nio-8080-exec-10] DEBUG o.h.c.i.TimestampsCacheEnabledImpl - Invalidating space [video_posts], timestamp: 7251228459040768
2026-02-05 20:24:08.022 [http-nio-8080-exec-1] INFO  i.jutjub.service.FileUploadService - Loading video file from path: /videos/urban_exploration.mp4 -> normalized: \videos\urban_exploration.mp4
2026-02-05 20:24:08.022 [http-nio-8080-exec-1] INFO  i.jutjub.service.FileUploadService - Resource created: urban_exploration.mp4, exists: false, readable: false
2026-02-05 20:24:08.023 [http-nio-8080-exec-1] INFO  i.jutjub.service.FileUploadService - Trying Unix path format: \videos\urban_exploration.mp4
2026-02-05 20:24:08.023 [http-nio-8080-exec-1] INFO  i.jutjub.service.FileUploadService - Unix path resource exists: false, readable: false
2026-02-05 20:24:08.023 [http-nio-8080-exec-1] ERROR i.jutjub.service.FileUploadService - Video file not found or not readable: /videos/urban_exploration.mp4
2026-02-05 20:24:08.023 [http-nio-8080-exec-1] ERROR i.jutjub.service.FileUploadService - Failed to load video file: /videos/urban_exploration.mp4
java.lang.RuntimeException: Video file not found: /videos/urban_exploration.mp4
	at isa.jutjub.service.FileUploadService.getVideoFile(FileUploadService.java:203)
	at isa.jutjub.service.VideoPostService.getVideoFile(VideoPostService.java:297)
	at java.base/jdk.internal.reflect.NativeMethodAccessorImpl.invoke0(Native Method)
	at java.base/jdk.internal.reflect.NativeMethodAccessorImpl.invoke(NativeMethodAccessorImpl.java:77)
	at java.base/jdk.internal.reflect.DelegatingMethodAccessorImpl.invoke(DelegatingMethodAccessorImpl.java:43)
	at java.base/java.lang.reflect.Method.invoke(Method.java:568)
	at org.springframework.aop.support.AopUtils.invokeJoinpointUsingReflection(AopUtils.java:360)
	at org.springframework.aop.framework.ReflectiveMethodInvocation.invokeJoinpoint(ReflectiveMethodInvocation.java:196)
	at org.springframework.aop.framework.ReflectiveMethodInvocation.proceed(ReflectiveMethodInvocation.java:163)
	at org.springframework.transaction.interceptor.TransactionAspectSupport.invokeWithinTransaction(TransactionAspectSupport.java:380)
	at org.springframework.transaction.interceptor.TransactionInterceptor.invoke(TransactionInterceptor.java:119)
	at org.springframework.aop.framework.ReflectiveMethodInvocation.proceed(ReflectiveMethodInvocation.java:184)
	at org.springframework.aop.framework.CglibAopProxy$DynamicAdvisedInterceptor.intercept(CglibAopProxy.java:728)
	at isa.jutjub.service.VideoPostService$$SpringCGLIB$$0.getVideoFile(<generated>)
	at isa.jutjub.controller.VideoPostController.serveVideo(VideoPostController.java:523)
	at java.base/jdk.internal.reflect.NativeMethodAccessorImpl.invoke0(Native Method)
	at java.base/jdk.internal.reflect.NativeMethodAccessorImpl.invoke(NativeMethodAccessorImpl.java:77)
	at java.base/jdk.internal.reflect.DelegatingMethodAccessorImpl.invoke(DelegatingMethodAccessorImpl.java:43)
	at java.base/java.lang.reflect.Method.invoke(Method.java:568)
	at org.springframework.web.method.support.InvocableHandlerMethod.doInvoke(InvocableHandlerMethod.java:258)
	at org.springframework.web.method.support.InvocableHandlerMethod.invokeForRequest(InvocableHandlerMethod.java:191)
	at org.springframework.web.servlet.mvc.method.annotation.ServletInvocableHandlerMethod.invokeAndHandle(ServletInvocableHandlerMethod.java:118)
	at org.springframework.web.servlet.mvc.method.annotation.RequestMappingHandlerAdapter.invokeHandlerMethod(RequestMappingHandlerAdapter.java:991)
	at org.springframework.web.servlet.mvc.method.annotation.RequestMappingHandlerAdapter.handleInternal(RequestMappingHandlerAdapter.java:896)
	at org.springframework.web.servlet.mvc.method.AbstractHandlerMethodAdapter.handle(AbstractHandlerMethodAdapter.java:87)
	at org.springframework.web.servlet.DispatcherServlet.doDispatch(DispatcherServlet.java:1089)
	at org.springframework.web.servlet.DispatcherServlet.doService(DispatcherServlet.java:979)
	at org.springframework.web.servlet.FrameworkServlet.processRequest(FrameworkServlet.java:1014)
	at org.springframework.web.servlet.FrameworkServlet.doGet(FrameworkServlet.java:903)
	at jakarta.servlet.http.HttpServlet.service(HttpServlet.java:564)
	at org.springframework.web.servlet.FrameworkServlet.service(FrameworkServlet.java:885)
	at jakarta.servlet.http.HttpServlet.service(HttpServlet.java:658)
	at org.apache.catalina.core.ApplicationFilterChain.internalDoFilter(ApplicationFilterChain.java:193)
	at org.apache.catalina.core.ApplicationFilterChain.doFilter(ApplicationFilterChain.java:138)
	at org.apache.tomcat.websocket.server.WsFilter.doFilter(WsFilter.java:51)
	at org.apache.catalina.core.ApplicationFilterChain.internalDoFilter(ApplicationFilterChain.java:162)
	at org.apache.catalina.core.ApplicationFilterChain.doFilter(ApplicationFilterChain.java:138)
	at org.springframework.web.filter.OncePerRequestFilter.doFilter(OncePerRequestFilter.java:101)
	at org.apache.catalina.core.ApplicationFilterChain.internalDoFilter(ApplicationFilterChain.java:162)
	at org.apache.catalina.core.ApplicationFilterChain.doFilter(ApplicationFilterChain.java:138)
	at org.springframework.web.servlet.resource.ResourceUrlEncodingFilter.doFilter(ResourceUrlEncodingFilter.java:66)
	at org.apache.catalina.core.ApplicationFilterChain.internalDoFilter(ApplicationFilterChain.java:162)
	at org.apache.catalina.core.ApplicationFilterChain.doFilter(ApplicationFilterChain.java:138)
	at org.springframework.web.filter.CompositeFilter$VirtualFilterChain.doFilter(CompositeFilter.java:108)
	at org.springframework.web.filter.CompositeFilter$VirtualFilterChain.doFilter(CompositeFilter.java:108)
	at org.springframework.security.web.FilterChainProxy.lambda$doFilterInternal$3(FilterChainProxy.java:231)
	at org.springframework.security.web.FilterChainProxy$VirtualFilterChain.doFilter(FilterChainProxy.java:365)
	at org.springframework.security.web.access.intercept.AuthorizationFilter.doFilter(AuthorizationFilter.java:101)
	at org.springframework.security.web.FilterChainProxy$VirtualFilterChain.doFilter(FilterChainProxy.java:374)
	at org.springframework.security.web.access.ExceptionTranslationFilter.doFilter(ExceptionTranslationFilter.java:125)
	at org.springframework.security.web.access.ExceptionTranslationFilter.doFilter(ExceptionTranslationFilter.java:119)
	at org.springframework.security.web.FilterChainProxy$VirtualFilterChain.doFilter(FilterChainProxy.java:374)
	at org.springframework.security.web.authentication.AnonymousAuthenticationFilter.doFilter(AnonymousAuthenticationFilter.java:100)
	at org.springframework.security.web.FilterChainProxy$VirtualFilterChain.doFilter(FilterChainProxy.java:374)
	at org.springframework.security.web.servletapi.SecurityContextHolderAwareRequestFilter.doFilter(SecurityContextHolderAwareRequestFilter.java:179)
	at org.springframework.security.web.FilterChainProxy$VirtualFilterChain.doFilter(FilterChainProxy.java:374)
	at org.springframework.security.web.savedrequest.RequestCacheAwareFilter.doFilter(RequestCacheAwareFilter.java:63)
	at org.springframework.security.web.FilterChainProxy$VirtualFilterChain.doFilter(FilterChainProxy.java:374)
	at org.springframework.security.web.authentication.logout.LogoutFilter.doFilter(LogoutFilter.java:107)
	at org.springframework.security.web.authentication.logout.LogoutFilter.doFilter(LogoutFilter.java:93)
	at org.springframework.security.web.FilterChainProxy$VirtualFilterChain.doFilter(FilterChainProxy.java:374)
	at org.springframework.web.filter.CorsFilter.doFilterInternal(CorsFilter.java:91)
	at org.springframework.web.filter.OncePerRequestFilter.doFilter(OncePerRequestFilter.java:116)
	at org.springframework.security.web.FilterChainProxy$VirtualFilterChain.doFilter(FilterChainProxy.java:374)
	at org.springframework.security.web.header.HeaderWriterFilter.doHeadersAfter(HeaderWriterFilter.java:90)
	at org.springframework.security.web.header.HeaderWriterFilter.doFilterInternal(HeaderWriterFilter.java:75)
	at org.springframework.web.filter.OncePerRequestFilter.doFilter(OncePerRequestFilter.java:116)
	at org.springframework.security.web.FilterChainProxy$VirtualFilterChain.doFilter(FilterChainProxy.java:374)
	at org.springframework.security.web.context.SecurityContextHolderFilter.doFilter(SecurityContextHolderFilter.java:82)
	at org.springframework.security.web.context.SecurityContextHolderFilter.doFilter(SecurityContextHolderFilter.java:69)
	at org.springframework.security.web.FilterChainProxy$VirtualFilterChain.doFilter(FilterChainProxy.java:374)
	at org.springframework.security.web.context.request.async.WebAsyncManagerIntegrationFilter.doFilterInternal(WebAsyncManagerIntegrationFilter.java:62)
	at org.springframework.web.filter.OncePerRequestFilter.doFilter(OncePerRequestFilter.java:116)
	at org.springframework.security.web.FilterChainProxy$VirtualFilterChain.doFilter(FilterChainProxy.java:374)
	at org.springframework.security.web.session.DisableEncodeUrlFilter.doFilterInternal(DisableEncodeUrlFilter.java:42)
	at org.springframework.web.filter.OncePerRequestFilter.doFilter(OncePerRequestFilter.java:116)
	at org.springframework.security.web.FilterChainProxy$VirtualFilterChain.doFilter(FilterChainProxy.java:374)
	at org.springframework.security.web.FilterChainProxy.doFilterInternal(FilterChainProxy.java:233)
	at org.springframework.security.web.FilterChainProxy.doFilter(FilterChainProxy.java:191)
	at org.springframework.web.filter.CompositeFilter$VirtualFilterChain.doFilter(CompositeFilter.java:113)
	at org.springframework.web.filter.ServletRequestPathFilter.doFilter(ServletRequestPathFilter.java:52)
	at org.springframework.web.filter.CompositeFilter$VirtualFilterChain.doFilter(CompositeFilter.java:113)
	at org.springframework.web.filter.CompositeFilter.doFilter(CompositeFilter.java:74)
	at org.springframework.security.config.annotation.web.configuration.WebSecurityConfiguration$CompositeFilterChainProxy.doFilter(WebSecurityConfiguration.java:319)
	at org.springframework.web.filter.CompositeFilter$VirtualFilterChain.doFilter(CompositeFilter.java:113)
	at org.springframework.web.servlet.handler.HandlerMappingIntrospector.lambda$createCacheFilter$4(HandlerMappingIntrospector.java:267)
	at org.springframework.web.filter.CompositeFilter$VirtualFilterChain.doFilter(CompositeFilter.java:113)
	at org.springframework.web.filter.CompositeFilter.doFilter(CompositeFilter.java:74)
	at org.springframework.security.config.annotation.web.configuration.WebMvcSecurityConfiguration$CompositeFilterChainProxy.doFilter(WebMvcSecurityConfiguration.java:240)
	at org.springframework.web.filter.DelegatingFilterProxy.invokeDelegate(DelegatingFilterProxy.java:362)
	at org.springframework.web.filter.DelegatingFilterProxy.doFilter(DelegatingFilterProxy.java:278)
	at org.apache.catalina.core.ApplicationFilterChain.internalDoFilter(ApplicationFilterChain.java:162)
	at org.apache.catalina.core.ApplicationFilterChain.doFilter(ApplicationFilterChain.java:138)
	at org.springframework.web.filter.RequestContextFilter.doFilterInternal(RequestContextFilter.java:100)
	at org.springframework.web.filter.OncePerRequestFilter.doFilter(OncePerRequestFilter.java:116)
	at org.apache.catalina.core.ApplicationFilterChain.internalDoFilter(ApplicationFilterChain.java:162)
	at org.apache.catalina.core.ApplicationFilterChain.doFilter(ApplicationFilterChain.java:138)
	at org.springframework.web.filter.FormContentFilter.doFilterInternal(FormContentFilter.java:93)
	at org.springframework.web.filter.OncePerRequestFilter.doFilter(OncePerRequestFilter.java:116)
	at org.apache.catalina.core.ApplicationFilterChain.internalDoFilter(ApplicationFilterChain.java:162)
	at org.apache.catalina.core.ApplicationFilterChain.doFilter(ApplicationFilterChain.java:138)
	at org.springframework.web.filter.CharacterEncodingFilter.doFilterInternal(CharacterEncodingFilter.java:201)
	at org.springframework.web.filter.OncePerRequestFilter.doFilter(OncePerRequestFilter.java:116)
	at org.apache.catalina.core.ApplicationFilterChain.internalDoFilter(ApplicationFilterChain.java:162)
	at org.apache.catalina.core.ApplicationFilterChain.doFilter(ApplicationFilterChain.java:138)
	at org.apache.catalina.core.StandardWrapperValve.invoke(StandardWrapperValve.java:165)
	at org.apache.catalina.core.StandardContextValve.invoke(StandardContextValve.java:88)
	at org.apache.catalina.authenticator.AuthenticatorBase.invoke(AuthenticatorBase.java:482)
	at org.apache.catalina.core.StandardHostValve.invoke(StandardHostValve.java:113)
	at org.apache.catalina.valves.ErrorReportValve.invoke(ErrorReportValve.java:83)
	at org.apache.catalina.core.StandardEngineValve.invoke(StandardEngineValve.java:72)
	at org.apache.catalina.connector.CoyoteAdapter.service(CoyoteAdapter.java:342)
	at org.apache.coyote.http11.Http11Processor.service(Http11Processor.java:399)
	at org.apache.coyote.AbstractProcessorLight.process(AbstractProcessorLight.java:63)
	at org.apache.coyote.AbstractProtocol$ConnectionHandler.process(AbstractProtocol.java:903)
	at org.apache.tomcat.util.net.NioEndpoint$SocketProcessor.doRun(NioEndpoint.java:1774)
	at org.apache.tomcat.util.net.SocketProcessorBase.run(SocketProcessorBase.java:52)
	at org.apache.tomcat.util.threads.ThreadPoolExecutor.runWorker(ThreadPoolExecutor.java:973)
	at org.apache.tomcat.util.threads.ThreadPoolExecutor$Worker.run(ThreadPoolExecutor.java:491)
	at org.apache.tomcat.util.threads.TaskThread$WrappingRunnable.run(TaskThread.java:63)
	at java.base/java.lang.Thread.run(Thread.java:833)
2026-02-05 20:24:09.725 [http-nio-8080-exec-8] DEBUG o.h.c.i.TimestampsCacheEnabledImpl - Pre-invalidating space [video_posts], timestamp: 7251228711833603
2026-02-05 20:24:09.727 [http-nio-8080-exec-8] INFO  isa.jutjub.service.VideoPostService - Incremented view count for video post ID: 4
2026-02-05 20:24:09.727 [http-nio-8080-exec-8] DEBUG o.h.c.i.TimestampsCacheEnabledImpl - Invalidating space [video_posts], timestamp: 7251228466081792
2026-02-05 20:24:19.385 [http-nio-8080-exec-3] DEBUG o.h.c.i.TimestampsCacheEnabledImpl - Pre-invalidating space [video_posts], timestamp: 7251228751400962
2026-02-05 20:24:19.386 [http-nio-8080-exec-3] INFO  isa.jutjub.service.VideoPostService - Incremented view count for video post ID: 5
2026-02-05 20:24:19.386 [http-nio-8080-exec-3] DEBUG o.h.c.i.TimestampsCacheEnabledImpl - Invalidating space [video_posts], timestamp: 7251228505645056
2026-02-05 20:24:19.400 [http-nio-8080-exec-1] INFO  i.jutjub.service.FileUploadService - Loading video file from path: /videos/urban_exploration.mp4 -> normalized: \videos\urban_exploration.mp4
2026-02-05 20:24:19.400 [http-nio-8080-exec-1] INFO  i.jutjub.service.FileUploadService - Resource created: urban_exploration.mp4, exists: false, readable: false
2026-02-05 20:24:19.400 [http-nio-8080-exec-1] INFO  i.jutjub.service.FileUploadService - Trying Unix path format: \videos\urban_exploration.mp4
2026-02-05 20:24:19.400 [http-nio-8080-exec-1] INFO  i.jutjub.service.FileUploadService - Unix path resource exists: false, readable: false
2026-02-05 20:24:19.400 [http-nio-8080-exec-1] ERROR i.jutjub.service.FileUploadService - Video file not found or not readable: /videos/urban_exploration.mp4
2026-02-05 20:24:19.400 [http-nio-8080-exec-1] ERROR i.jutjub.service.FileUploadService - Failed to load video file: /videos/urban_exploration.mp4
java.lang.RuntimeException: Video file not found: /videos/urban_exploration.mp4
	at isa.jutjub.service.FileUploadService.getVideoFile(FileUploadService.java:203)
	at isa.jutjub.service.VideoPostService.getVideoFile(VideoPostService.java:297)
	at java.base/jdk.internal.reflect.NativeMethodAccessorImpl.invoke0(Native Method)
	at java.base/jdk.internal.reflect.NativeMethodAccessorImpl.invoke(NativeMethodAccessorImpl.java:77)
	at java.base/jdk.internal.reflect.DelegatingMethodAccessorImpl.invoke(DelegatingMethodAccessorImpl.java:43)
	at java.base/java.lang.reflect.Method.invoke(Method.java:568)
	at org.springframework.aop.support.AopUtils.invokeJoinpointUsingReflection(AopUtils.java:360)
	at org.springframework.aop.framework.ReflectiveMethodInvocation.invokeJoinpoint(ReflectiveMethodInvocation.java:196)
	at org.springframework.aop.framework.ReflectiveMethodInvocation.proceed(ReflectiveMethodInvocation.java:163)
	at org.springframework.transaction.interceptor.TransactionAspectSupport.invokeWithinTransaction(TransactionAspectSupport.java:380)
	at org.springframework.transaction.interceptor.TransactionInterceptor.invoke(TransactionInterceptor.java:119)
	at org.springframework.aop.framework.ReflectiveMethodInvocation.proceed(ReflectiveMethodInvocation.java:184)
	at org.springframework.aop.framework.CglibAopProxy$DynamicAdvisedInterceptor.intercept(CglibAopProxy.java:728)
	at isa.jutjub.service.VideoPostService$$SpringCGLIB$$0.getVideoFile(<generated>)
	at isa.jutjub.controller.VideoPostController.serveVideo(VideoPostController.java:523)
	at java.base/jdk.internal.reflect.NativeMethodAccessorImpl.invoke0(Native Method)
	at java.base/jdk.internal.reflect.NativeMethodAccessorImpl.invoke(NativeMethodAccessorImpl.java:77)
	at java.base/jdk.internal.reflect.DelegatingMethodAccessorImpl.invoke(DelegatingMethodAccessorImpl.java:43)
	at java.base/java.lang.reflect.Method.invoke(Method.java:568)
	at org.springframework.web.method.support.InvocableHandlerMethod.doInvoke(InvocableHandlerMethod.java:258)
	at org.springframework.web.method.support.InvocableHandlerMethod.invokeForRequest(InvocableHandlerMethod.java:191)
	at org.springframework.web.servlet.mvc.method.annotation.ServletInvocableHandlerMethod.invokeAndHandle(ServletInvocableHandlerMethod.java:118)
	at org.springframework.web.servlet.mvc.method.annotation.RequestMappingHandlerAdapter.invokeHandlerMethod(RequestMappingHandlerAdapter.java:991)
	at org.springframework.web.servlet.mvc.method.annotation.RequestMappingHandlerAdapter.handleInternal(RequestMappingHandlerAdapter.java:896)
	at org.springframework.web.servlet.mvc.method.AbstractHandlerMethodAdapter.handle(AbstractHandlerMethodAdapter.java:87)
	at org.springframework.web.servlet.DispatcherServlet.doDispatch(DispatcherServlet.java:1089)
	at org.springframework.web.servlet.DispatcherServlet.doService(DispatcherServlet.java:979)
	at org.springframework.web.servlet.FrameworkServlet.processRequest(FrameworkServlet.java:1014)
	at org.springframework.web.servlet.FrameworkServlet.doGet(FrameworkServlet.java:903)
	at jakarta.servlet.http.HttpServlet.service(HttpServlet.java:564)
	at org.springframework.web.servlet.FrameworkServlet.service(FrameworkServlet.java:885)
	at jakarta.servlet.http.HttpServlet.service(HttpServlet.java:658)
	at org.apache.catalina.core.ApplicationFilterChain.internalDoFilter(ApplicationFilterChain.java:193)
	at org.apache.catalina.core.ApplicationFilterChain.doFilter(ApplicationFilterChain.java:138)
	at org.apache.tomcat.websocket.server.WsFilter.doFilter(WsFilter.java:51)
	at org.apache.catalina.core.ApplicationFilterChain.internalDoFilter(ApplicationFilterChain.java:162)
	at org.apache.catalina.core.ApplicationFilterChain.doFilter(ApplicationFilterChain.java:138)
	at org.springframework.web.filter.OncePerRequestFilter.doFilter(OncePerRequestFilter.java:101)
	at org.apache.catalina.core.ApplicationFilterChain.internalDoFilter(ApplicationFilterChain.java:162)
	at org.apache.catalina.core.ApplicationFilterChain.doFilter(ApplicationFilterChain.java:138)
	at org.springframework.web.servlet.resource.ResourceUrlEncodingFilter.doFilter(ResourceUrlEncodingFilter.java:66)
	at org.apache.catalina.core.ApplicationFilterChain.internalDoFilter(ApplicationFilterChain.java:162)
	at org.apache.catalina.core.ApplicationFilterChain.doFilter(ApplicationFilterChain.java:138)
	at org.springframework.web.filter.CompositeFilter$VirtualFilterChain.doFilter(CompositeFilter.java:108)
	at org.springframework.web.filter.CompositeFilter$VirtualFilterChain.doFilter(CompositeFilter.java:108)
	at org.springframework.security.web.FilterChainProxy.lambda$doFilterInternal$3(FilterChainProxy.java:231)
	at org.springframework.security.web.FilterChainProxy$VirtualFilterChain.doFilter(FilterChainProxy.java:365)
	at org.springframework.security.web.access.intercept.AuthorizationFilter.doFilter(AuthorizationFilter.java:101)
	at org.springframework.security.web.FilterChainProxy$VirtualFilterChain.doFilter(FilterChainProxy.java:374)
	at org.springframework.security.web.access.ExceptionTranslationFilter.doFilter(ExceptionTranslationFilter.java:125)
	at org.springframework.security.web.access.ExceptionTranslationFilter.doFilter(ExceptionTranslationFilter.java:119)
	at org.springframework.security.web.FilterChainProxy$VirtualFilterChain.doFilter(FilterChainProxy.java:374)
	at org.springframework.security.web.authentication.AnonymousAuthenticationFilter.doFilter(AnonymousAuthenticationFilter.java:100)
	at org.springframework.security.web.FilterChainProxy$VirtualFilterChain.doFilter(FilterChainProxy.java:374)
	at org.springframework.security.web.servletapi.SecurityContextHolderAwareRequestFilter.doFilter(SecurityContextHolderAwareRequestFilter.java:179)
	at org.springframework.security.web.FilterChainProxy$VirtualFilterChain.doFilter(FilterChainProxy.java:374)
	at org.springframework.security.web.savedrequest.RequestCacheAwareFilter.doFilter(RequestCacheAwareFilter.java:63)
	at org.springframework.security.web.FilterChainProxy$VirtualFilterChain.doFilter(FilterChainProxy.java:374)
	at org.springframework.security.web.authentication.logout.LogoutFilter.doFilter(LogoutFilter.java:107)
	at org.springframework.security.web.authentication.logout.LogoutFilter.doFilter(LogoutFilter.java:93)
	at org.springframework.security.web.FilterChainProxy$VirtualFilterChain.doFilter(FilterChainProxy.java:374)
	at org.springframework.web.filter.CorsFilter.doFilterInternal(CorsFilter.java:91)
	at org.springframework.web.filter.OncePerRequestFilter.doFilter(OncePerRequestFilter.java:116)
	at org.springframework.security.web.FilterChainProxy$VirtualFilterChain.doFilter(FilterChainProxy.java:374)
	at org.springframework.security.web.header.HeaderWriterFilter.doHeadersAfter(HeaderWriterFilter.java:90)
	at org.springframework.security.web.header.HeaderWriterFilter.doFilterInternal(HeaderWriterFilter.java:75)
	at org.springframework.web.filter.OncePerRequestFilter.doFilter(OncePerRequestFilter.java:116)
	at org.springframework.security.web.FilterChainProxy$VirtualFilterChain.doFilter(FilterChainProxy.java:374)
	at org.springframework.security.web.context.SecurityContextHolderFilter.doFilter(SecurityContextHolderFilter.java:82)
	at org.springframework.security.web.context.SecurityContextHolderFilter.doFilter(SecurityContextHolderFilter.java:69)
	at org.springframework.security.web.FilterChainProxy$VirtualFilterChain.doFilter(FilterChainProxy.java:374)
	at org.springframework.security.web.context.request.async.WebAsyncManagerIntegrationFilter.doFilterInternal(WebAsyncManagerIntegrationFilter.java:62)
	at org.springframework.web.filter.OncePerRequestFilter.doFilter(OncePerRequestFilter.java:116)
	at org.springframework.security.web.FilterChainProxy$VirtualFilterChain.doFilter(FilterChainProxy.java:374)
	at org.springframework.security.web.session.DisableEncodeUrlFilter.doFilterInternal(DisableEncodeUrlFilter.java:42)
	at org.springframework.web.filter.OncePerRequestFilter.doFilter(OncePerRequestFilter.java:116)
	at org.springframework.security.web.FilterChainProxy$VirtualFilterChain.doFilter(FilterChainProxy.java:374)
	at org.springframework.security.web.FilterChainProxy.doFilterInternal(FilterChainProxy.java:233)
	at org.springframework.security.web.FilterChainProxy.doFilter(FilterChainProxy.java:191)
	at org.springframework.web.filter.CompositeFilter$VirtualFilterChain.doFilter(CompositeFilter.java:113)
	at org.springframework.web.filter.ServletRequestPathFilter.doFilter(ServletRequestPathFilter.java:52)
	at org.springframework.web.filter.CompositeFilter$VirtualFilterChain.doFilter(CompositeFilter.java:113)
	at org.springframework.web.filter.CompositeFilter.doFilter(CompositeFilter.java:74)
	at org.springframework.security.config.annotation.web.configuration.WebSecurityConfiguration$CompositeFilterChainProxy.doFilter(WebSecurityConfiguration.java:319)
	at org.springframework.web.filter.CompositeFilter$VirtualFilterChain.doFilter(CompositeFilter.java:113)
	at org.springframework.web.servlet.handler.HandlerMappingIntrospector.lambda$createCacheFilter$4(HandlerMappingIntrospector.java:267)
	at org.springframework.web.filter.CompositeFilter$VirtualFilterChain.doFilter(CompositeFilter.java:113)
	at org.springframework.web.filter.CompositeFilter.doFilter(CompositeFilter.java:74)
	at org.springframework.security.config.annotation.web.configuration.WebMvcSecurityConfiguration$CompositeFilterChainProxy.doFilter(WebMvcSecurityConfiguration.java:240)
	at org.springframework.web.filter.DelegatingFilterProxy.invokeDelegate(DelegatingFilterProxy.java:362)
	at org.springframework.web.filter.DelegatingFilterProxy.doFilter(DelegatingFilterProxy.java:278)
	at org.apache.catalina.core.ApplicationFilterChain.internalDoFilter(ApplicationFilterChain.java:162)
	at org.apache.catalina.core.ApplicationFilterChain.doFilter(ApplicationFilterChain.java:138)
	at org.springframework.web.filter.RequestContextFilter.doFilterInternal(RequestContextFilter.java:100)
	at org.springframework.web.filter.OncePerRequestFilter.doFilter(OncePerRequestFilter.java:116)
	at org.apache.catalina.core.ApplicationFilterChain.internalDoFilter(ApplicationFilterChain.java:162)
	at org.apache.catalina.core.ApplicationFilterChain.doFilter(ApplicationFilterChain.java:138)
	at org.springframework.web.filter.FormContentFilter.doFilterInternal(FormContentFilter.java:93)
	at org.springframework.web.filter.OncePerRequestFilter.doFilter(OncePerRequestFilter.java:116)
	at org.apache.catalina.core.ApplicationFilterChain.internalDoFilter(ApplicationFilterChain.java:162)
	at org.apache.catalina.core.ApplicationFilterChain.doFilter(ApplicationFilterChain.java:138)
	at org.springframework.web.filter.CharacterEncodingFilter.doFilterInternal(CharacterEncodingFilter.java:201)
	at org.springframework.web.filter.OncePerRequestFilter.doFilter(OncePerRequestFilter.java:116)
	at org.apache.catalina.core.ApplicationFilterChain.internalDoFilter(ApplicationFilterChain.java:162)
	at org.apache.catalina.core.ApplicationFilterChain.doFilter(ApplicationFilterChain.java:138)
	at org.apache.catalina.core.StandardWrapperValve.invoke(StandardWrapperValve.java:165)
	at org.apache.catalina.core.StandardContextValve.invoke(StandardContextValve.java:88)
	at org.apache.catalina.authenticator.AuthenticatorBase.invoke(AuthenticatorBase.java:482)
	at org.apache.catalina.core.StandardHostValve.invoke(StandardHostValve.java:113)
	at org.apache.catalina.valves.ErrorReportValve.invoke(ErrorReportValve.java:83)
	at org.apache.catalina.core.StandardEngineValve.invoke(StandardEngineValve.java:72)
	at org.apache.catalina.connector.CoyoteAdapter.service(CoyoteAdapter.java:342)
	at org.apache.coyote.http11.Http11Processor.service(Http11Processor.java:399)
	at org.apache.coyote.AbstractProcessorLight.process(AbstractProcessorLight.java:63)
	at org.apache.coyote.AbstractProtocol$ConnectionHandler.process(AbstractProtocol.java:903)
	at org.apache.tomcat.util.net.NioEndpoint$SocketProcessor.doRun(NioEndpoint.java:1774)
	at org.apache.tomcat.util.net.SocketProcessorBase.run(SocketProcessorBase.java:52)
	at org.apache.tomcat.util.threads.ThreadPoolExecutor.runWorker(ThreadPoolExecutor.java:973)
	at org.apache.tomcat.util.threads.ThreadPoolExecutor$Worker.run(ThreadPoolExecutor.java:491)
	at org.apache.tomcat.util.threads.TaskThread$WrappingRunnable.run(TaskThread.java:63)
	at java.base/java.lang.Thread.run(Thread.java:833)
2026-02-05 20:24:20.650 [http-nio-8080-exec-5] DEBUG o.h.c.i.TimestampsCacheEnabledImpl - Pre-invalidating space [video_posts], timestamp: 7251228756582403
2026-02-05 20:24:20.652 [http-nio-8080-exec-5] INFO  isa.jutjub.service.VideoPostService - Incremented view count for video post ID: 3
2026-02-05 20:24:20.652 [http-nio-8080-exec-5] DEBUG o.h.c.i.TimestampsCacheEnabledImpl - Invalidating space [video_posts], timestamp: 7251228510830592
2026-02-05 20:24:22.056 [http-nio-8080-exec-7] DEBUG o.h.c.i.TimestampsCacheEnabledImpl - Pre-invalidating space [video_posts], timestamp: 7251228762341376
2026-02-05 20:24:22.056 [http-nio-8080-exec-7] INFO  isa.jutjub.service.VideoPostService - Incremented view count for video post ID: 2
2026-02-05 20:24:22.056 [http-nio-8080-exec-7] DEBUG o.h.c.i.TimestampsCacheEnabledImpl - Invalidating space [video_posts], timestamp: 7251228516581377
2026-02-05 20:24:23.324 [http-nio-8080-exec-2] DEBUG o.h.c.i.TimestampsCacheEnabledImpl - Pre-invalidating space [video_posts], timestamp: 7251228767535106
2026-02-05 20:24:23.325 [http-nio-8080-exec-2] INFO  isa.jutjub.service.VideoPostService - Incremented view count for video post ID: 4
2026-02-05 20:24:23.325 [http-nio-8080-exec-2] DEBUG o.h.c.i.TimestampsCacheEnabledImpl - Invalidating space [video_posts], timestamp: 7251228521779200
2026-02-05 20:24:49.735 [http-nio-8080-exec-1] DEBUG o.h.c.i.TimestampsCacheEnabledImpl - Pre-invalidating space [video_posts], timestamp: 7251228875714561
2026-02-05 20:24:49.736 [http-nio-8080-exec-1] INFO  isa.jutjub.service.VideoPostService - Incremented view count for video post ID: 4
2026-02-05 20:24:49.736 [http-nio-8080-exec-1] DEBUG o.h.c.i.TimestampsCacheEnabledImpl - Invalidating space [video_posts], timestamp: 7251228629958656
2026-02-05 20:24:50.936 [http-nio-8080-exec-10] DEBUG o.h.c.i.TimestampsCacheEnabledImpl - Pre-invalidating space [video_posts], timestamp: 7251228880633857
2026-02-05 20:24:50.937 [http-nio-8080-exec-10] INFO  isa.jutjub.service.VideoPostService - Incremented view count for video post ID: 3
2026-02-05 20:24:50.937 [http-nio-8080-exec-10] DEBUG o.h.c.i.TimestampsCacheEnabledImpl - Invalidating space [video_posts], timestamp: 7251228634877952
2026-02-05 20:24:51.270 [Thread-7] INFO  i.j.service.ThumbnailCacheService - Shutting down ThumbnailCacheService...
2026-02-05 20:24:51.270 [Thread-7] INFO  i.jutjub.service.FileUploadService - Shutting down FileUploadService...
2026-02-05 20:24:51.741 [restartedMain] DEBUG o.h.c.i.StrategyCreatorRegionFactoryImpl - RegionFactory impl [org.hibernate.cache.jcache.internal.JCacheRegionFactory] did not provide constructor accepting Properties
2026-02-05 20:24:51.741 [restartedMain] DEBUG o.h.c.i.StrategyCreatorRegionFactoryImpl - RegionFactory impl [org.hibernate.cache.jcache.internal.JCacheRegionFactory] did not provide constructor accepting Properties
2026-02-05 20:24:51.741 [restartedMain] INFO  o.h.c.i.RegionFactoryInitiator - HHH000025: Second-level cache region factory [org.hibernate.cache.jcache.internal.JCacheRegionFactory]
2026-02-05 20:24:51.773 [restartedMain] DEBUG o.h.c.s.s.DomainDataRegionTemplate - Generating entity cache access [read-write] : NavigableRole[isa.jutjub.model.VideoPost]
2026-02-05 20:24:51.773 [restartedMain] DEBUG o.h.c.s.s.DomainDataRegionTemplate - Generating collection cache access : NavigableRole[isa.jutjub.model.VideoPost.tags]
2026-02-05 20:24:51.774 [restartedMain] DEBUG o.h.c.s.s.DomainDataRegionTemplate - Generating entity cache access [read-write] : NavigableRole[isa.jutjub.model.User]
2026-02-05 20:24:51.861 [restartedMain] DEBUG o.h.s.internal.StatisticsInitiator - Statistics initialized [enabled=true]
2026-02-05 20:24:52.784 [restartedMain] DEBUG o.h.stat.internal.StatisticsImpl - HHH000117: HQL: select count(*) from VideoPost x, time: 0ms, rows: 1
2026-02-05 20:24:52.786 [restartedMain] DEBUG o.h.c.i.TimestampsCacheEnabledImpl - Pre-invalidating space [video_posts], timestamp: 7251228888211456
2026-02-05 20:24:52.786 [restartedMain] DEBUG o.h.c.s.s.AbstractReadWriteAccess - Locking cache item [region=`isa.jutjub.model.VideoPost.tags` (AccessType[read-write])] : `isa.jutjub.model.VideoPost.tags#1` (timeout=7251228888211457, version=null)
2026-02-05 20:24:52.788 [restartedMain] DEBUG o.h.c.s.s.AbstractReadWriteAccess - Skipping #remove call in read-write access to maintain SoftLock : isa.jutjub.model.VideoPost.tags#1
2026-02-05 20:24:52.788 [restartedMain] DEBUG o.h.c.i.TimestampsCacheEnabledImpl - Pre-invalidating space [video_post_tags], timestamp: 7251228888219648
2026-02-05 20:24:52.788 [restartedMain] DEBUG o.h.c.s.s.AbstractReadWriteAccess - Unlocking cache item [region=`isa.jutjub.model.VideoPost.tags` (AccessType[read-write])] : isa.jutjub.model.VideoPost.tags#1
2026-02-05 20:24:52.788 [restartedMain] DEBUG o.h.c.i.TimestampsCacheEnabledImpl - Invalidating space [video_posts], timestamp: 7251228642459650
2026-02-05 20:24:52.788 [restartedMain] DEBUG o.h.c.i.TimestampsCacheEnabledImpl - Invalidating space [video_post_tags], timestamp: 7251228642459650
2026-02-05 20:24:52.789 [restartedMain] DEBUG o.h.c.i.TimestampsCacheEnabledImpl - Pre-invalidating space [video_posts], timestamp: 7251228888223745
2026-02-05 20:24:52.789 [restartedMain] DEBUG o.h.c.s.s.AbstractReadWriteAccess - Locking cache item [region=`isa.jutjub.model.VideoPost.tags` (AccessType[read-write])] : `isa.jutjub.model.VideoPost.tags#2` (timeout=7251228888223746, version=null)
2026-02-05 20:24:52.790 [restartedMain] DEBUG o.h.c.s.s.AbstractReadWriteAccess - Skipping #remove call in read-write access to maintain SoftLock : isa.jutjub.model.VideoPost.tags#2
2026-02-05 20:24:52.790 [restartedMain] DEBUG o.h.c.i.TimestampsCacheEnabledImpl - Pre-invalidating space [video_post_tags], timestamp: 7251228888227840
2026-02-05 20:24:52.790 [restartedMain] DEBUG o.h.c.s.s.AbstractReadWriteAccess - Unlocking cache item [region=`isa.jutjub.model.VideoPost.tags` (AccessType[read-write])] : isa.jutjub.model.VideoPost.tags#2
2026-02-05 20:24:52.790 [restartedMain] DEBUG o.h.c.i.TimestampsCacheEnabledImpl - Invalidating space [video_posts], timestamp: 7251228642467842
2026-02-05 20:24:52.790 [restartedMain] DEBUG o.h.c.i.TimestampsCacheEnabledImpl - Invalidating space [video_post_tags], timestamp: 7251228642467842
2026-02-05 20:24:52.790 [restartedMain] DEBUG o.h.c.i.TimestampsCacheEnabledImpl - Pre-invalidating space [video_posts], timestamp: 7251228888227845
2026-02-05 20:24:52.790 [restartedMain] DEBUG o.h.c.s.s.AbstractReadWriteAccess - Locking cache item [region=`isa.jutjub.model.VideoPost.tags` (AccessType[read-write])] : `isa.jutjub.model.VideoPost.tags#3` (timeout=7251228888227846, version=null)
2026-02-05 20:24:52.791 [restartedMain] DEBUG o.h.c.s.s.AbstractReadWriteAccess - Skipping #remove call in read-write access to maintain SoftLock : isa.jutjub.model.VideoPost.tags#3
2026-02-05 20:24:52.791 [restartedMain] DEBUG o.h.c.i.TimestampsCacheEnabledImpl - Pre-invalidating space [video_post_tags], timestamp: 7251228888231936
2026-02-05 20:24:52.791 [restartedMain] DEBUG o.h.c.s.s.AbstractReadWriteAccess - Unlocking cache item [region=`isa.jutjub.model.VideoPost.tags` (AccessType[read-write])] : isa.jutjub.model.VideoPost.tags#3
2026-02-05 20:24:52.791 [restartedMain] DEBUG o.h.c.i.TimestampsCacheEnabledImpl - Invalidating space [video_posts], timestamp: 7251228642471938
2026-02-05 20:24:52.791 [restartedMain] DEBUG o.h.c.i.TimestampsCacheEnabledImpl - Invalidating space [video_post_tags], timestamp: 7251228642471938
2026-02-05 20:24:52.791 [restartedMain] DEBUG o.h.c.i.TimestampsCacheEnabledImpl - Pre-invalidating space [video_posts], timestamp: 7251228888231941
2026-02-05 20:24:52.791 [restartedMain] DEBUG o.h.c.s.s.AbstractReadWriteAccess - Locking cache item [region=`isa.jutjub.model.VideoPost.tags` (AccessType[read-write])] : `isa.jutjub.model.VideoPost.tags#4` (timeout=7251228888231942, version=null)
2026-02-05 20:24:52.791 [restartedMain] DEBUG o.h.c.s.s.AbstractReadWriteAccess - Skipping #remove call in read-write access to maintain SoftLock : isa.jutjub.model.VideoPost.tags#4
2026-02-05 20:24:52.791 [restartedMain] DEBUG o.h.c.i.TimestampsCacheEnabledImpl - Pre-invalidating space [video_post_tags], timestamp: 7251228888231943
2026-02-05 20:24:52.791 [restartedMain] DEBUG o.h.c.s.s.AbstractReadWriteAccess - Unlocking cache item [region=`isa.jutjub.model.VideoPost.tags` (AccessType[read-write])] : isa.jutjub.model.VideoPost.tags#4
2026-02-05 20:24:52.791 [restartedMain] DEBUG o.h.c.i.TimestampsCacheEnabledImpl - Invalidating space [video_posts], timestamp: 7251228642471945
2026-02-05 20:24:52.791 [restartedMain] DEBUG o.h.c.i.TimestampsCacheEnabledImpl - Invalidating space [video_post_tags], timestamp: 7251228642471945
2026-02-05 20:24:52.793 [restartedMain] DEBUG o.h.c.i.TimestampsCacheEnabledImpl - Pre-invalidating space [video_posts], timestamp: 7251228888240128
2026-02-05 20:24:52.793 [restartedMain] DEBUG o.h.c.s.s.AbstractReadWriteAccess - Locking cache item [region=`isa.jutjub.model.VideoPost.tags` (AccessType[read-write])] : `isa.jutjub.model.VideoPost.tags#5` (timeout=7251228888240129, version=null)
2026-02-05 20:24:52.793 [restartedMain] DEBUG o.h.c.s.s.AbstractReadWriteAccess - Skipping #remove call in read-write access to maintain SoftLock : isa.jutjub.model.VideoPost.tags#5
2026-02-05 20:24:52.793 [restartedMain] DEBUG o.h.c.i.TimestampsCacheEnabledImpl - Pre-invalidating space [video_post_tags], timestamp: 7251228888240130
2026-02-05 20:24:52.793 [restartedMain] DEBUG o.h.c.s.s.AbstractReadWriteAccess - Unlocking cache item [region=`isa.jutjub.model.VideoPost.tags` (AccessType[read-write])] : isa.jutjub.model.VideoPost.tags#5
2026-02-05 20:24:52.793 [restartedMain] DEBUG o.h.c.i.TimestampsCacheEnabledImpl - Invalidating space [video_posts], timestamp: 7251228642480132
2026-02-05 20:24:52.793 [restartedMain] DEBUG o.h.c.i.TimestampsCacheEnabledImpl - Invalidating space [video_post_tags], timestamp: 7251228642480132
2026-02-05 20:24:52.847 [restartedMain] DEBUG o.h.c.i.TimestampsCacheEnabledImpl - Pre-invalidating space [users], timestamp: 7251228888461314
2026-02-05 20:24:52.849 [restartedMain] DEBUG o.h.c.i.TimestampsCacheEnabledImpl - Invalidating space [users], timestamp: 7251228642709504
2026-02-05 20:24:52.888 [http-nio-8080-exec-1] DEBUG isa.jutjub.service.VideoPostService - Fetching all video posts with pagination: page 0, size 10
2026-02-05 20:24:52.889 [http-nio-8080-exec-1] DEBUG o.h.c.s.s.AbstractReadWriteAccess - Caching data from load [region=`isa.jutjub.model.VideoPost` (AccessType[read-write])] : key[isa.jutjub.model.VideoPost#5] -> value[CacheEntry(isa.jutjub.model.VideoPost)]
2026-02-05 20:24:52.890 [http-nio-8080-exec-1] DEBUG o.h.c.s.s.AbstractReadWriteAccess - Caching data from load [region=`isa.jutjub.model.VideoPost` (AccessType[read-write])] : key[isa.jutjub.model.VideoPost#4] -> value[CacheEntry(isa.jutjub.model.VideoPost)]
2026-02-05 20:24:52.890 [http-nio-8080-exec-1] DEBUG o.h.c.s.s.AbstractReadWriteAccess - Caching data from load [region=`isa.jutjub.model.VideoPost` (AccessType[read-write])] : key[isa.jutjub.model.VideoPost#3] -> value[CacheEntry(isa.jutjub.model.VideoPost)]
2026-02-05 20:24:52.891 [http-nio-8080-exec-1] DEBUG o.h.c.s.s.AbstractReadWriteAccess - Caching data from load [region=`isa.jutjub.model.VideoPost` (AccessType[read-write])] : key[isa.jutjub.model.VideoPost#2] -> value[CacheEntry(isa.jutjub.model.VideoPost)]
2026-02-05 20:24:52.891 [http-nio-8080-exec-1] DEBUG o.h.c.s.s.AbstractReadWriteAccess - Caching data from load [region=`isa.jutjub.model.VideoPost` (AccessType[read-write])] : key[isa.jutjub.model.VideoPost#1] -> value[CacheEntry(isa.jutjub.model.VideoPost)]
2026-02-05 20:24:52.891 [http-nio-8080-exec-1] DEBUG o.h.stat.internal.StatisticsImpl - HHH000117: HQL: [CRITERIA] select vp1_0.id,vp1_0.comments_count,vp1_0.created_at,vp1_0.deleted,vp1_0.likes_count,vp1_0.location,vp1_0.thumbnail_path,vp1_0.title,vp1_0.updated_at,vp1_0.upload_duration_ms,vp1_0.video_description,vp1_0.video_file_size,vp1_0.video_path,vp1_0.views_count from video_posts vp1_0 order by vp1_0.created_at desc offset ? rows fetch first ? rows only, time: 1ms, rows: 5
2026-02-05 20:24:52.894 [http-nio-8080-exec-1] DEBUG o.h.c.s.s.AbstractReadWriteAccess - Getting cached data from region [`isa.jutjub.model.VideoPost.tags` (AccessType[read-write])] by key [isa.jutjub.model.VideoPost.tags#5]
2026-02-05 20:24:52.895 [http-nio-8080-exec-1] DEBUG o.h.c.s.s.AbstractReadWriteAccess - Cache hit, but item is unreadable/invalid : region = `isa.jutjub.model.VideoPost.tags`, key = `isa.jutjub.model.VideoPost.tags#5`
2026-02-05 20:24:52.895 [http-nio-8080-exec-1] DEBUG o.h.c.s.s.AbstractReadWriteAccess - Caching data from load [region=`isa.jutjub.model.VideoPost.tags` (AccessType[read-write])] : key[isa.jutjub.model.VideoPost.tags#5] -> value[CollectionCacheEntry[exploration,urban,city,travel]]
2026-02-05 20:24:52.895 [http-nio-8080-exec-1] DEBUG o.h.c.s.s.AbstractReadWriteAccess - Checking writeability of read-write cache lock [timeout=`7251228888240129`, lockId=`4`, version=`null`, sourceUuid=c96b5577-655c-450c-bb04-c5bd8b3c80b0, multiplicity=`0`, unlockTimestamp=`7251228642480131`] : txTimestamp=`7251228642865152`, newVersion=`null`
2026-02-05 20:24:52.895 [http-nio-8080-exec-1] DEBUG o.h.c.s.s.AbstractReadWriteAccess - Getting cached data from region [`isa.jutjub.model.VideoPost.tags` (AccessType[read-write])] by key [isa.jutjub.model.VideoPost.tags#4]
2026-02-05 20:24:52.895 [http-nio-8080-exec-1] DEBUG o.h.c.s.s.AbstractReadWriteAccess - Cache hit, but item is unreadable/invalid : region = `isa.jutjub.model.VideoPost.tags`, key = `isa.jutjub.model.VideoPost.tags#4`
2026-02-05 20:24:52.895 [http-nio-8080-exec-1] DEBUG o.h.c.s.s.AbstractReadWriteAccess - Caching data from load [region=`isa.jutjub.model.VideoPost.tags` (AccessType[read-write])] : key[isa.jutjub.model.VideoPost.tags#4] -> value[CollectionCacheEntry[fitness,wellness,yoga,beginners]]
2026-02-05 20:24:52.895 [http-nio-8080-exec-1] DEBUG o.h.c.s.s.AbstractReadWriteAccess - Checking writeability of read-write cache lock [timeout=`7251228888231942`, lockId=`3`, version=`null`, sourceUuid=c96b5577-655c-450c-bb04-c5bd8b3c80b0, multiplicity=`0`, unlockTimestamp=`7251228642471944`] : txTimestamp=`7251228642865152`, newVersion=`null`
2026-02-05 20:24:52.895 [http-nio-8080-exec-1] DEBUG o.h.c.s.s.AbstractReadWriteAccess - Getting cached data from region [`isa.jutjub.model.VideoPost.tags` (AccessType[read-write])] by key [isa.jutjub.model.VideoPost.tags#3]
2026-02-05 20:24:52.895 [http-nio-8080-exec-1] DEBUG o.h.c.s.s.AbstractReadWriteAccess - Cache hit, but item is unreadable/invalid : region = `isa.jutjub.model.VideoPost.tags`, key = `isa.jutjub.model.VideoPost.tags#3`
2026-02-05 20:24:52.895 [http-nio-8080-exec-1] DEBUG o.h.c.s.s.AbstractReadWriteAccess - Caching data from load [region=`isa.jutjub.model.VideoPost.tags` (AccessType[read-write])] : key[isa.jutjub.model.VideoPost.tags#3] -> value[CollectionCacheEntry[tech,smartphone,review,technology]]
2026-02-05 20:24:52.895 [http-nio-8080-exec-1] DEBUG o.h.c.s.s.AbstractReadWriteAccess - Checking writeability of read-write cache lock [timeout=`7251228888227846`, lockId=`2`, version=`null`, sourceUuid=c96b5577-655c-450c-bb04-c5bd8b3c80b0, multiplicity=`0`, unlockTimestamp=`7251228642471937`] : txTimestamp=`7251228642865152`, newVersion=`null`
2026-02-05 20:24:52.895 [http-nio-8080-exec-1] DEBUG o.h.c.s.s.AbstractReadWriteAccess - Getting cached data from region [`isa.jutjub.model.VideoPost.tags` (AccessType[read-write])] by key [isa.jutjub.model.VideoPost.tags#2]
2026-02-05 20:24:52.895 [http-nio-8080-exec-1] DEBUG o.h.c.s.s.AbstractReadWriteAccess - Cache hit, but item is unreadable/invalid : region = `isa.jutjub.model.VideoPost.tags`, key = `isa.jutjub.model.VideoPost.tags#2`
2026-02-05 20:24:52.897 [http-nio-8080-exec-1] DEBUG o.h.c.s.s.AbstractReadWriteAccess - Caching data from load [region=`isa.jutjub.model.VideoPost.tags` (AccessType[read-write])] : key[isa.jutjub.model.VideoPost.tags#2] -> value[CollectionCacheEntry[pasta,recipe,italian,cooking]]
2026-02-05 20:24:52.897 [http-nio-8080-exec-1] DEBUG o.h.c.s.s.AbstractReadWriteAccess - Checking writeability of read-write cache lock [timeout=`7251228888223746`, lockId=`1`, version=`null`, sourceUuid=c96b5577-655c-450c-bb04-c5bd8b3c80b0, multiplicity=`0`, unlockTimestamp=`7251228642467841`] : txTimestamp=`7251228642865152`, newVersion=`null`
2026-02-05 20:24:52.897 [http-nio-8080-exec-1] DEBUG o.h.c.s.s.AbstractReadWriteAccess - Getting cached data from region [`isa.jutjub.model.VideoPost.tags` (AccessType[read-write])] by key [isa.jutjub.model.VideoPost.tags#1]
2026-02-05 20:24:52.897 [http-nio-8080-exec-1] DEBUG o.h.c.s.s.AbstractReadWriteAccess - Cache hit, but item is unreadable/invalid : region = `isa.jutjub.model.VideoPost.tags`, key = `isa.jutjub.model.VideoPost.tags#1`
2026-02-05 20:24:52.897 [http-nio-8080-exec-1] DEBUG o.h.c.s.s.AbstractReadWriteAccess - Caching data from load [region=`isa.jutjub.model.VideoPost.tags` (AccessType[read-write])] : key[isa.jutjub.model.VideoPost.tags#1] -> value[CollectionCacheEntry[nature,travel,documentary,wildlife]]
2026-02-05 20:24:52.897 [http-nio-8080-exec-1] DEBUG o.h.c.s.s.AbstractReadWriteAccess - Checking writeability of read-write cache lock [timeout=`7251228888211457`, lockId=`0`, version=`null`, sourceUuid=c96b5577-655c-450c-bb04-c5bd8b3c80b0, multiplicity=`0`, unlockTimestamp=`7251228642459649`] : txTimestamp=`7251228642865152`, newVersion=`null`
2026-02-05 20:24:52.909 [http-nio-8080-exec-3] DEBUG isa.jutjub.service.VideoPostService - Fetching video post by ID: 4 with cache stampede protection
2026-02-05 20:24:52.909 [http-nio-8080-exec-4] DEBUG isa.jutjub.service.VideoPostService - Fetching video post by ID: 3 with cache stampede protection
2026-02-05 20:24:52.909 [http-nio-8080-exec-5] DEBUG isa.jutjub.service.VideoPostService - Fetching video post by ID: 2 with cache stampede protection
2026-02-05 20:24:52.909 [http-nio-8080-exec-4] DEBUG i.j.service.VideoPostCacheService - Getting video post 3 with cache protection and circuit breaker
2026-02-05 20:24:52.909 [http-nio-8080-exec-2] DEBUG isa.jutjub.service.VideoPostService - Fetching video post by ID: 5 with cache stampede protection
2026-02-05 20:24:52.909 [http-nio-8080-exec-3] DEBUG i.j.service.VideoPostCacheService - Getting video post 4 with cache protection and circuit breaker
2026-02-05 20:24:52.909 [http-nio-8080-exec-5] DEBUG i.j.service.VideoPostCacheService - Getting video post 2 with cache protection and circuit breaker
2026-02-05 20:24:52.909 [http-nio-8080-exec-2] DEBUG i.j.service.VideoPostCacheService - Getting video post 5 with cache protection and circuit breaker
2026-02-05 20:24:52.909 [http-nio-8080-exec-6] DEBUG isa.jutjub.service.VideoPostService - Fetching video post by ID: 1 with cache stampede protection
2026-02-05 20:24:52.909 [http-nio-8080-exec-6] DEBUG i.j.service.VideoPostCacheService - Getting video post 1 with cache protection and circuit breaker
2026-02-05 20:24:52.909 [http-nio-8080-exec-3] DEBUG o.h.c.s.s.AbstractReadWriteAccess - Getting cached data from region [`isa.jutjub.model.VideoPost` (AccessType[read-write])] by key [isa.jutjub.model.VideoPost#4]
2026-02-05 20:24:52.909 [http-nio-8080-exec-2] DEBUG o.h.c.s.s.AbstractReadWriteAccess - Getting cached data from region [`isa.jutjub.model.VideoPost` (AccessType[read-write])] by key [isa.jutjub.model.VideoPost#5]
2026-02-05 20:24:52.909 [http-nio-8080-exec-6] DEBUG o.h.c.s.s.AbstractReadWriteAccess - Getting cached data from region [`isa.jutjub.model.VideoPost` (AccessType[read-write])] by key [isa.jutjub.model.VideoPost#1]
2026-02-05 20:24:52.909 [http-nio-8080-exec-5] DEBUG o.h.c.s.s.AbstractReadWriteAccess - Getting cached data from region [`isa.jutjub.model.VideoPost` (AccessType[read-write])] by key [isa.jutjub.model.VideoPost#2]
2026-02-05 20:24:52.909 [http-nio-8080-exec-2] DEBUG o.h.c.s.s.AbstractReadWriteAccess - Checking readability of read-write cache item [timestamp=`7251228642865152`, version=`null`] : txTimestamp=`7251228642955268`
2026-02-05 20:24:52.909 [http-nio-8080-exec-5] DEBUG o.h.c.s.s.AbstractReadWriteAccess - Checking readability of read-write cache item [timestamp=`7251228642865152`, version=`null`] : txTimestamp=`7251228642955266`
2026-02-05 20:24:52.909 [http-nio-8080-exec-6] DEBUG o.h.c.s.s.AbstractReadWriteAccess - Checking readability of read-write cache item [timestamp=`7251228642865152`, version=`null`] : txTimestamp=`7251228642955270`
2026-02-05 20:24:52.909 [http-nio-8080-exec-3] DEBUG o.h.c.s.s.AbstractReadWriteAccess - Checking readability of read-write cache item [timestamp=`7251228642865152`, version=`null`] : txTimestamp=`7251228642955267`
2026-02-05 20:24:52.909 [http-nio-8080-exec-6] DEBUG o.h.c.s.s.AbstractReadWriteAccess - Cache hit : region = `isa.jutjub.model.VideoPost`, key = `isa.jutjub.model.VideoPost#1`
2026-02-05 20:24:52.909 [http-nio-8080-exec-3] DEBUG o.h.c.s.s.AbstractReadWriteAccess - Cache hit : region = `isa.jutjub.model.VideoPost`, key = `isa.jutjub.model.VideoPost#4`
2026-02-05 20:24:52.909 [http-nio-8080-exec-2] DEBUG o.h.c.s.s.AbstractReadWriteAccess - Cache hit : region = `isa.jutjub.model.VideoPost`, key = `isa.jutjub.model.VideoPost#5`
2026-02-05 20:24:52.909 [http-nio-8080-exec-5] DEBUG o.h.c.s.s.AbstractReadWriteAccess - Cache hit : region = `isa.jutjub.model.VideoPost`, key = `isa.jutjub.model.VideoPost#2`
2026-02-05 20:24:52.909 [http-nio-8080-exec-4] DEBUG o.h.c.s.s.AbstractReadWriteAccess - Getting cached data from region [`isa.jutjub.model.VideoPost` (AccessType[read-write])] by key [isa.jutjub.model.VideoPost#3]
2026-02-05 20:24:52.911 [http-nio-8080-exec-4] DEBUG o.h.c.s.s.AbstractReadWriteAccess - Checking readability of read-write cache item [timestamp=`7251228642865152`, version=`null`] : txTimestamp=`7251228642955265`
2026-02-05 20:24:52.911 [http-nio-8080-exec-4] DEBUG o.h.c.s.s.AbstractReadWriteAccess - Cache hit : region = `isa.jutjub.model.VideoPost`, key = `isa.jutjub.model.VideoPost#3`
2026-02-05 20:24:53.553 [http-nio-8080-exec-7] DEBUG o.h.c.i.TimestampsCacheEnabledImpl - Pre-invalidating space [video_posts], timestamp: 7251228891353091
2026-02-05 20:24:53.554 [http-nio-8080-exec-7] INFO  isa.jutjub.service.VideoPostService - Incremented view count for video post ID: 5
2026-02-05 20:24:53.554 [http-nio-8080-exec-7] DEBUG o.h.c.i.TimestampsCacheEnabledImpl - Invalidating space [video_posts], timestamp: 7251228645597184
2026-02-05 20:25:30.362 [http-nio-8080-exec-2] DEBUG o.h.c.i.TimestampsCacheEnabledImpl - Pre-invalidating space [video_posts], timestamp: 7251229042122753
2026-02-05 20:25:30.363 [http-nio-8080-exec-2] INFO  isa.jutjub.service.VideoPostService - Incremented view count for video post ID: 4
2026-02-05 20:25:30.363 [http-nio-8080-exec-2] DEBUG o.h.c.i.TimestampsCacheEnabledImpl - Invalidating space [video_posts], timestamp: 7251228796366849
2026-02-05 20:25:31.066 [Thread-12] INFO  i.j.service.ThumbnailCacheService - Shutting down ThumbnailCacheService...
2026-02-05 20:25:31.066 [Thread-12] INFO  i.jutjub.service.FileUploadService - Shutting down FileUploadService...
2026-02-05 20:25:31.560 [restartedMain] DEBUG o.h.c.i.StrategyCreatorRegionFactoryImpl - RegionFactory impl [org.hibernate.cache.jcache.internal.JCacheRegionFactory] did not provide constructor accepting Properties
2026-02-05 20:25:31.560 [restartedMain] DEBUG o.h.c.i.StrategyCreatorRegionFactoryImpl - RegionFactory impl [org.hibernate.cache.jcache.internal.JCacheRegionFactory] did not provide constructor accepting Properties
2026-02-05 20:25:31.560 [restartedMain] INFO  o.h.c.i.RegionFactoryInitiator - HHH000025: Second-level cache region factory [org.hibernate.cache.jcache.internal.JCacheRegionFactory]
2026-02-05 20:25:31.596 [restartedMain] DEBUG o.h.c.s.s.DomainDataRegionTemplate - Generating entity cache access [read-write] : NavigableRole[isa.jutjub.model.User]
2026-02-05 20:25:31.596 [restartedMain] DEBUG o.h.c.s.s.DomainDataRegionTemplate - Generating entity cache access [read-write] : NavigableRole[isa.jutjub.model.VideoPost]
2026-02-05 20:25:31.596 [restartedMain] DEBUG o.h.c.s.s.DomainDataRegionTemplate - Generating collection cache access : NavigableRole[isa.jutjub.model.VideoPost.tags]
2026-02-05 20:25:31.719 [restartedMain] DEBUG o.h.s.internal.StatisticsInitiator - Statistics initialized [enabled=true]
2026-02-05 20:25:32.815 [restartedMain] DEBUG o.h.stat.internal.StatisticsImpl - HHH000117: HQL: select count(*) from VideoPost x, time: 0ms, rows: 1
2026-02-05 20:25:32.819 [restartedMain] DEBUG o.h.c.i.TimestampsCacheEnabledImpl - Pre-invalidating space [video_posts], timestamp: 7251229052186624
2026-02-05 20:25:32.819 [restartedMain] DEBUG o.h.c.s.s.AbstractReadWriteAccess - Locking cache item [region=`isa.jutjub.model.VideoPost.tags` (AccessType[read-write])] : `isa.jutjub.model.VideoPost.tags#1` (timeout=7251229052186625, version=null)
2026-02-05 20:25:32.820 [restartedMain] DEBUG o.h.c.s.s.AbstractReadWriteAccess - Skipping #remove call in read-write access to maintain SoftLock : isa.jutjub.model.VideoPost.tags#1
2026-02-05 20:25:32.820 [restartedMain] DEBUG o.h.c.i.TimestampsCacheEnabledImpl - Pre-invalidating space [video_post_tags], timestamp: 7251229052190720
2026-02-05 20:25:32.820 [restartedMain] DEBUG o.h.c.s.s.AbstractReadWriteAccess - Unlocking cache item [region=`isa.jutjub.model.VideoPost.tags` (AccessType[read-write])] : isa.jutjub.model.VideoPost.tags#1
2026-02-05 20:25:32.820 [restartedMain] DEBUG o.h.c.i.TimestampsCacheEnabledImpl - Invalidating space [video_posts], timestamp: 7251228806430722
2026-02-05 20:25:32.820 [restartedMain] DEBUG o.h.c.i.TimestampsCacheEnabledImpl - Invalidating space [video_post_tags], timestamp: 7251228806430722
2026-02-05 20:25:32.821 [restartedMain] DEBUG o.h.c.i.TimestampsCacheEnabledImpl - Pre-invalidating space [video_posts], timestamp: 7251229052194816
2026-02-05 20:25:32.821 [restartedMain] DEBUG o.h.c.s.s.AbstractReadWriteAccess - Locking cache item [region=`isa.jutjub.model.VideoPost.tags` (AccessType[read-write])] : `isa.jutjub.model.VideoPost.tags#2` (timeout=7251229052194817, version=null)
2026-02-05 20:25:32.822 [restartedMain] DEBUG o.h.c.s.s.AbstractReadWriteAccess - Skipping #remove call in read-write access to maintain SoftLock : isa.jutjub.model.VideoPost.tags#2
2026-02-05 20:25:32.822 [restartedMain] DEBUG o.h.c.i.TimestampsCacheEnabledImpl - Pre-invalidating space [video_post_tags], timestamp: 7251229052198912
2026-02-05 20:25:32.822 [restartedMain] DEBUG o.h.c.s.s.AbstractReadWriteAccess - Unlocking cache item [region=`isa.jutjub.model.VideoPost.tags` (AccessType[read-write])] : isa.jutjub.model.VideoPost.tags#2
2026-02-05 20:25:32.822 [restartedMain] DEBUG o.h.c.i.TimestampsCacheEnabledImpl - Invalidating space [video_posts], timestamp: 7251228806438914
2026-02-05 20:25:32.822 [restartedMain] DEBUG o.h.c.i.TimestampsCacheEnabledImpl - Invalidating space [video_post_tags], timestamp: 7251228806438914
2026-02-05 20:25:32.822 [restartedMain] DEBUG o.h.c.i.TimestampsCacheEnabledImpl - Pre-invalidating space [video_posts], timestamp: 7251229052198917
2026-02-05 20:25:32.822 [restartedMain] DEBUG o.h.c.s.s.AbstractReadWriteAccess - Locking cache item [region=`isa.jutjub.model.VideoPost.tags` (AccessType[read-write])] : `isa.jutjub.model.VideoPost.tags#3` (timeout=7251229052198918, version=null)
2026-02-05 20:25:32.823 [restartedMain] DEBUG o.h.c.s.s.AbstractReadWriteAccess - Skipping #remove call in read-write access to maintain SoftLock : isa.jutjub.model.VideoPost.tags#3
2026-02-05 20:25:32.823 [restartedMain] DEBUG o.h.c.i.TimestampsCacheEnabledImpl - Pre-invalidating space [video_post_tags], timestamp: 7251229052203008
2026-02-05 20:25:32.823 [restartedMain] DEBUG o.h.c.s.s.AbstractReadWriteAccess - Unlocking cache item [region=`isa.jutjub.model.VideoPost.tags` (AccessType[read-write])] : isa.jutjub.model.VideoPost.tags#3
2026-02-05 20:25:32.823 [restartedMain] DEBUG o.h.c.i.TimestampsCacheEnabledImpl - Invalidating space [video_posts], timestamp: 7251228806443010
2026-02-05 20:25:32.823 [restartedMain] DEBUG o.h.c.i.TimestampsCacheEnabledImpl - Invalidating space [video_post_tags], timestamp: 7251228806443010
2026-02-05 20:25:32.824 [restartedMain] DEBUG o.h.c.i.TimestampsCacheEnabledImpl - Pre-invalidating space [video_posts], timestamp: 7251229052207104
2026-02-05 20:25:32.824 [restartedMain] DEBUG o.h.c.s.s.AbstractReadWriteAccess - Locking cache item [region=`isa.jutjub.model.VideoPost.tags` (AccessType[read-write])] : `isa.jutjub.model.VideoPost.tags#4` (timeout=7251229052207105, version=null)
2026-02-05 20:25:32.824 [restartedMain] DEBUG o.h.c.s.s.AbstractReadWriteAccess - Skipping #remove call in read-write access to maintain SoftLock : isa.jutjub.model.VideoPost.tags#4
2026-02-05 20:25:32.824 [restartedMain] DEBUG o.h.c.i.TimestampsCacheEnabledImpl - Pre-invalidating space [video_post_tags], timestamp: 7251229052207106
2026-02-05 20:25:32.824 [restartedMain] DEBUG o.h.c.s.s.AbstractReadWriteAccess - Unlocking cache item [region=`isa.jutjub.model.VideoPost.tags` (AccessType[read-write])] : isa.jutjub.model.VideoPost.tags#4
2026-02-05 20:25:32.825 [restartedMain] DEBUG o.h.c.i.TimestampsCacheEnabledImpl - Invalidating space [video_posts], timestamp: 7251228806451201
2026-02-05 20:25:32.825 [restartedMain] DEBUG o.h.c.i.TimestampsCacheEnabledImpl - Invalidating space [video_post_tags], timestamp: 7251228806451201
2026-02-05 20:25:32.825 [restartedMain] DEBUG o.h.c.i.TimestampsCacheEnabledImpl - Pre-invalidating space [video_posts], timestamp: 7251229052211204
2026-02-05 20:25:32.825 [restartedMain] DEBUG o.h.c.s.s.AbstractReadWriteAccess - Locking cache item [region=`isa.jutjub.model.VideoPost.tags` (AccessType[read-write])] : `isa.jutjub.model.VideoPost.tags#5` (timeout=7251229052211205, version=null)
2026-02-05 20:25:32.826 [restartedMain] DEBUG o.h.c.s.s.AbstractReadWriteAccess - Skipping #remove call in read-write access to maintain SoftLock : isa.jutjub.model.VideoPost.tags#5
2026-02-05 20:25:32.826 [restartedMain] DEBUG o.h.c.i.TimestampsCacheEnabledImpl - Pre-invalidating space [video_post_tags], timestamp: 7251229052215296
2026-02-05 20:25:32.826 [restartedMain] DEBUG o.h.c.s.s.AbstractReadWriteAccess - Unlocking cache item [region=`isa.jutjub.model.VideoPost.tags` (AccessType[read-write])] : isa.jutjub.model.VideoPost.tags#5
2026-02-05 20:25:32.826 [restartedMain] DEBUG o.h.c.i.TimestampsCacheEnabledImpl - Invalidating space [video_posts], timestamp: 7251228806455298
2026-02-05 20:25:32.826 [restartedMain] DEBUG o.h.c.i.TimestampsCacheEnabledImpl - Invalidating space [video_post_tags], timestamp: 7251228806455298
2026-02-05 20:25:32.884 [restartedMain] DEBUG o.h.c.i.TimestampsCacheEnabledImpl - Pre-invalidating space [users], timestamp: 7251229052452864
2026-02-05 20:25:32.884 [restartedMain] DEBUG o.h.c.i.TimestampsCacheEnabledImpl - Invalidating space [users], timestamp: 7251228806692865
2026-02-05 20:25:34.461 [Thread-16] INFO  i.j.service.ThumbnailCacheService - Shutting down ThumbnailCacheService...
2026-02-05 20:25:34.461 [Thread-16] INFO  i.jutjub.service.FileUploadService - Shutting down FileUploadService...
2026-02-05 20:25:34.969 [restartedMain] DEBUG o.h.c.i.StrategyCreatorRegionFactoryImpl - RegionFactory impl [org.hibernate.cache.jcache.internal.JCacheRegionFactory] did not provide constructor accepting Properties
2026-02-05 20:25:34.970 [restartedMain] DEBUG o.h.c.i.StrategyCreatorRegionFactoryImpl - RegionFactory impl [org.hibernate.cache.jcache.internal.JCacheRegionFactory] did not provide constructor accepting Properties
2026-02-05 20:25:34.970 [restartedMain] INFO  o.h.c.i.RegionFactoryInitiator - HHH000025: Second-level cache region factory [org.hibernate.cache.jcache.internal.JCacheRegionFactory]
2026-02-05 20:25:35.002 [restartedMain] DEBUG o.h.c.s.s.DomainDataRegionTemplate - Generating entity cache access [read-write] : NavigableRole[isa.jutjub.model.VideoPost]
2026-02-05 20:25:35.002 [restartedMain] DEBUG o.h.c.s.s.DomainDataRegionTemplate - Generating collection cache access : NavigableRole[isa.jutjub.model.VideoPost.tags]
2026-02-05 20:25:35.002 [restartedMain] DEBUG o.h.c.s.s.DomainDataRegionTemplate - Generating entity cache access [read-write] : NavigableRole[isa.jutjub.model.User]
2026-02-05 20:25:35.086 [restartedMain] DEBUG o.h.s.internal.StatisticsInitiator - Statistics initialized [enabled=true]
2026-02-05 20:25:36.102 [restartedMain] DEBUG o.h.stat.internal.StatisticsImpl - HHH000117: HQL: select count(*) from VideoPost x, time: 0ms, rows: 1
2026-02-05 20:25:36.104 [restartedMain] DEBUG o.h.c.i.TimestampsCacheEnabledImpl - Pre-invalidating space [video_posts], timestamp: 7251229065641984
2026-02-05 20:25:36.105 [restartedMain] DEBUG o.h.c.s.s.AbstractReadWriteAccess - Locking cache item [region=`isa.jutjub.model.VideoPost.tags` (AccessType[read-write])] : `isa.jutjub.model.VideoPost.tags#1` (timeout=7251229065646080, version=null)
2026-02-05 20:25:36.105 [restartedMain] DEBUG o.h.c.s.s.AbstractReadWriteAccess - Skipping #remove call in read-write access to maintain SoftLock : isa.jutjub.model.VideoPost.tags#1
2026-02-05 20:25:36.105 [restartedMain] DEBUG o.h.c.i.TimestampsCacheEnabledImpl - Pre-invalidating space [video_post_tags], timestamp: 7251229065646081
2026-02-05 20:25:36.105 [restartedMain] DEBUG o.h.c.s.s.AbstractReadWriteAccess - Unlocking cache item [region=`isa.jutjub.model.VideoPost.tags` (AccessType[read-write])] : isa.jutjub.model.VideoPost.tags#1
2026-02-05 20:25:36.105 [restartedMain] DEBUG o.h.c.i.TimestampsCacheEnabledImpl - Invalidating space [video_posts], timestamp: 7251228819886083
2026-02-05 20:25:36.105 [restartedMain] DEBUG o.h.c.i.TimestampsCacheEnabledImpl - Invalidating space [video_post_tags], timestamp: 7251228819886083
2026-02-05 20:25:36.106 [restartedMain] DEBUG o.h.c.i.TimestampsCacheEnabledImpl - Pre-invalidating space [video_posts], timestamp: 7251229065650176
2026-02-05 20:25:36.106 [restartedMain] DEBUG o.h.c.s.s.AbstractReadWriteAccess - Locking cache item [region=`isa.jutjub.model.VideoPost.tags` (AccessType[read-write])] : `isa.jutjub.model.VideoPost.tags#2` (timeout=7251229065650177, version=null)
2026-02-05 20:25:36.106 [restartedMain] DEBUG o.h.c.s.s.AbstractReadWriteAccess - Skipping #remove call in read-write access to maintain SoftLock : isa.jutjub.model.VideoPost.tags#2
2026-02-05 20:25:36.106 [restartedMain] DEBUG o.h.c.i.TimestampsCacheEnabledImpl - Pre-invalidating space [video_post_tags], timestamp: 7251229065650178
2026-02-05 20:25:36.106 [restartedMain] DEBUG o.h.c.s.s.AbstractReadWriteAccess - Unlocking cache item [region=`isa.jutjub.model.VideoPost.tags` (AccessType[read-write])] : isa.jutjub.model.VideoPost.tags#2
2026-02-05 20:25:36.106 [restartedMain] DEBUG o.h.c.i.TimestampsCacheEnabledImpl - Invalidating space [video_posts], timestamp: 7251228819890180
2026-02-05 20:25:36.106 [restartedMain] DEBUG o.h.c.i.TimestampsCacheEnabledImpl - Invalidating space [video_post_tags], timestamp: 7251228819890180
2026-02-05 20:25:36.106 [restartedMain] DEBUG o.h.c.i.TimestampsCacheEnabledImpl - Pre-invalidating space [video_posts], timestamp: 7251229065650183
2026-02-05 20:25:36.106 [restartedMain] DEBUG o.h.c.s.s.AbstractReadWriteAccess - Locking cache item [region=`isa.jutjub.model.VideoPost.tags` (AccessType[read-write])] : `isa.jutjub.model.VideoPost.tags#3` (timeout=7251229065650184, version=null)
2026-02-05 20:25:36.108 [restartedMain] DEBUG o.h.c.s.s.AbstractReadWriteAccess - Skipping #remove call in read-write access to maintain SoftLock : isa.jutjub.model.VideoPost.tags#3
2026-02-05 20:25:36.108 [restartedMain] DEBUG o.h.c.i.TimestampsCacheEnabledImpl - Pre-invalidating space [video_post_tags], timestamp: 7251229065658368
2026-02-05 20:25:36.108 [restartedMain] DEBUG o.h.c.s.s.AbstractReadWriteAccess - Unlocking cache item [region=`isa.jutjub.model.VideoPost.tags` (AccessType[read-write])] : isa.jutjub.model.VideoPost.tags#3
2026-02-05 20:25:36.108 [restartedMain] DEBUG o.h.c.i.TimestampsCacheEnabledImpl - Invalidating space [video_posts], timestamp: 7251228819898370
2026-02-05 20:25:36.108 [restartedMain] DEBUG o.h.c.i.TimestampsCacheEnabledImpl - Invalidating space [video_post_tags], timestamp: 7251228819898370
2026-02-05 20:25:36.108 [restartedMain] DEBUG o.h.c.i.TimestampsCacheEnabledImpl - Pre-invalidating space [video_posts], timestamp: 7251229065658373
2026-02-05 20:25:36.108 [restartedMain] DEBUG o.h.c.s.s.AbstractReadWriteAccess - Locking cache item [region=`isa.jutjub.model.VideoPost.tags` (AccessType[read-write])] : `isa.jutjub.model.VideoPost.tags#4` (timeout=7251229065658374, version=null)
2026-02-05 20:25:36.109 [restartedMain] DEBUG o.h.c.s.s.AbstractReadWriteAccess - Skipping #remove call in read-write access to maintain SoftLock : isa.jutjub.model.VideoPost.tags#4
2026-02-05 20:25:36.109 [restartedMain] DEBUG o.h.c.i.TimestampsCacheEnabledImpl - Pre-invalidating space [video_post_tags], timestamp: 7251229065662464
2026-02-05 20:25:36.109 [restartedMain] DEBUG o.h.c.s.s.AbstractReadWriteAccess - Unlocking cache item [region=`isa.jutjub.model.VideoPost.tags` (AccessType[read-write])] : isa.jutjub.model.VideoPost.tags#4
2026-02-05 20:25:36.109 [restartedMain] DEBUG o.h.c.i.TimestampsCacheEnabledImpl - Invalidating space [video_posts], timestamp: 7251228819902466
2026-02-05 20:25:36.109 [restartedMain] DEBUG o.h.c.i.TimestampsCacheEnabledImpl - Invalidating space [video_post_tags], timestamp: 7251228819902466
2026-02-05 20:25:36.110 [restartedMain] DEBUG o.h.c.i.TimestampsCacheEnabledImpl - Pre-invalidating space [video_posts], timestamp: 7251229065666560
2026-02-05 20:25:36.110 [restartedMain] DEBUG o.h.c.s.s.AbstractReadWriteAccess - Locking cache item [region=`isa.jutjub.model.VideoPost.tags` (AccessType[read-write])] : `isa.jutjub.model.VideoPost.tags#5` (timeout=7251229065666561, version=null)
2026-02-05 20:25:36.110 [restartedMain] DEBUG o.h.c.s.s.AbstractReadWriteAccess - Skipping #remove call in read-write access to maintain SoftLock : isa.jutjub.model.VideoPost.tags#5
2026-02-05 20:25:36.110 [restartedMain] DEBUG o.h.c.i.TimestampsCacheEnabledImpl - Pre-invalidating space [video_post_tags], timestamp: 7251229065666562
2026-02-05 20:25:36.110 [restartedMain] DEBUG o.h.c.s.s.AbstractReadWriteAccess - Unlocking cache item [region=`isa.jutjub.model.VideoPost.tags` (AccessType[read-write])] : isa.jutjub.model.VideoPost.tags#5
2026-02-05 20:25:36.110 [restartedMain] DEBUG o.h.c.i.TimestampsCacheEnabledImpl - Invalidating space [video_posts], timestamp: 7251228819906564
2026-02-05 20:25:36.111 [restartedMain] DEBUG o.h.c.i.TimestampsCacheEnabledImpl - Invalidating space [video_post_tags], timestamp: 7251228819906564
2026-02-05 20:25:36.164 [restartedMain] DEBUG o.h.c.i.TimestampsCacheEnabledImpl - Pre-invalidating space [users], timestamp: 7251229065887746
2026-02-05 20:25:36.164 [restartedMain] DEBUG o.h.c.i.TimestampsCacheEnabledImpl - Invalidating space [users], timestamp: 7251228820127747
2026-02-05 20:25:43.845 [http-nio-8080-exec-1] DEBUG isa.jutjub.service.VideoPostService - Fetching video post by ID: 4 without cache
2026-02-05 20:25:43.846 [http-nio-8080-exec-1] DEBUG o.h.c.s.s.AbstractReadWriteAccess - Getting cached data from region [`isa.jutjub.model.VideoPost` (AccessType[read-write])] by key [isa.jutjub.model.VideoPost#4]
2026-02-05 20:25:43.846 [http-nio-8080-exec-1] DEBUG o.h.c.s.s.AbstractReadWriteAccess - Cache miss : region = `isa.jutjub.model.VideoPost`, key = `isa.jutjub.model.VideoPost#4`
2026-02-05 20:25:43.848 [http-nio-8080-exec-1] DEBUG o.h.c.s.s.AbstractReadWriteAccess - Caching data from load [region=`isa.jutjub.model.VideoPost` (AccessType[read-write])] : key[isa.jutjub.model.VideoPost#4] -> value[CacheEntry(isa.jutjub.model.VideoPost)]
2026-02-05 20:25:43.850 [http-nio-8080-exec-1] DEBUG o.h.c.i.TimestampsCacheEnabledImpl - Pre-invalidating space [video_posts], timestamp: 7251229097369600
2026-02-05 20:25:43.851 [http-nio-8080-exec-1] INFO  isa.jutjub.service.VideoPostService - Incremented view count for video post ID: 4
2026-02-05 20:25:43.852 [http-nio-8080-exec-1] DEBUG o.h.c.i.TimestampsCacheEnabledImpl - Invalidating space [video_posts], timestamp: 7251228851613696
2026-02-05 20:25:43.853 [http-nio-8080-exec-1] DEBUG o.h.c.s.s.AbstractReadWriteAccess - Getting cached data from region [`isa.jutjub.model.VideoPost.tags` (AccessType[read-write])] by key [isa.jutjub.model.VideoPost.tags#4]
2026-02-05 20:25:43.853 [http-nio-8080-exec-1] DEBUG o.h.c.s.s.AbstractReadWriteAccess - Cache hit, but item is unreadable/invalid : region = `isa.jutjub.model.VideoPost.tags`, key = `isa.jutjub.model.VideoPost.tags#4`
2026-02-05 20:25:43.854 [http-nio-8080-exec-1] DEBUG o.h.c.s.s.AbstractReadWriteAccess - Caching data from load [region=`isa.jutjub.model.VideoPost.tags` (AccessType[read-write])] : key[isa.jutjub.model.VideoPost.tags#4] -> value[CollectionCacheEntry[fitness,wellness,yoga,beginners]]
2026-02-05 20:25:43.854 [http-nio-8080-exec-1] DEBUG o.h.c.s.s.AbstractReadWriteAccess - Checking writeability of read-write cache lock [timeout=`7251229065658374`, lockId=`3`, version=`null`, sourceUuid=222c76f6-7995-43ac-9a40-c75eb4e15c44, multiplicity=`0`, unlockTimestamp=`7251228819902465`] : txTimestamp=`7251228851605504`, newVersion=`null`
2026-02-05 20:25:43.879 [http-nio-8080-exec-3] DEBUG isa.jutjub.service.VideoPostService - Fetching video post by ID: 4 without cache
2026-02-05 20:25:43.879 [http-nio-8080-exec-3] DEBUG o.h.c.s.s.AbstractReadWriteAccess - Getting cached data from region [`isa.jutjub.model.VideoPost` (AccessType[read-write])] by key [isa.jutjub.model.VideoPost#4]
2026-02-05 20:25:43.879 [http-nio-8080-exec-3] DEBUG o.h.c.s.s.AbstractReadWriteAccess - Cache miss : region = `isa.jutjub.model.VideoPost`, key = `isa.jutjub.model.VideoPost#4`
2026-02-05 20:25:43.880 [http-nio-8080-exec-3] DEBUG o.h.c.s.s.AbstractReadWriteAccess - Caching data from load [region=`isa.jutjub.model.VideoPost` (AccessType[read-write])] : key[isa.jutjub.model.VideoPost#4] -> value[CacheEntry(isa.jutjub.model.VideoPost)]
2026-02-05 20:25:43.881 [http-nio-8080-exec-3] INFO  i.jutjub.service.FileUploadService - Loading video file from path: /videos/yoga_beginners.mp4 -> normalized: \videos\yoga_beginners.mp4
2026-02-05 20:25:43.881 [http-nio-8080-exec-3] INFO  i.jutjub.service.FileUploadService - Resource created: yoga_beginners.mp4, exists: false, readable: false
2026-02-05 20:25:43.881 [http-nio-8080-exec-3] INFO  i.jutjub.service.FileUploadService - Trying Unix path format: \videos\yoga_beginners.mp4
2026-02-05 20:25:43.881 [http-nio-8080-exec-3] INFO  i.jutjub.service.FileUploadService - Unix path resource exists: false, readable: false
2026-02-05 20:25:43.882 [http-nio-8080-exec-3] ERROR i.jutjub.service.FileUploadService - Video file not found or not readable: /videos/yoga_beginners.mp4
2026-02-05 20:25:43.882 [http-nio-8080-exec-3] ERROR i.jutjub.service.FileUploadService - Failed to load video file: /videos/yoga_beginners.mp4
java.lang.RuntimeException: Video file not found: /videos/yoga_beginners.mp4
	at isa.jutjub.service.FileUploadService.getVideoFile(FileUploadService.java:203)
	at isa.jutjub.service.VideoPostService.getVideoFile(VideoPostService.java:297)
	at java.base/jdk.internal.reflect.NativeMethodAccessorImpl.invoke0(Native Method)
	at java.base/jdk.internal.reflect.NativeMethodAccessorImpl.invoke(NativeMethodAccessorImpl.java:77)
	at java.base/jdk.internal.reflect.DelegatingMethodAccessorImpl.invoke(DelegatingMethodAccessorImpl.java:43)
	at java.base/java.lang.reflect.Method.invoke(Method.java:568)
	at org.springframework.aop.support.AopUtils.invokeJoinpointUsingReflection(AopUtils.java:360)
	at org.springframework.aop.framework.ReflectiveMethodInvocation.invokeJoinpoint(ReflectiveMethodInvocation.java:196)
	at org.springframework.aop.framework.ReflectiveMethodInvocation.proceed(ReflectiveMethodInvocation.java:163)
	at org.springframework.transaction.interceptor.TransactionAspectSupport.invokeWithinTransaction(TransactionAspectSupport.java:380)
	at org.springframework.transaction.interceptor.TransactionInterceptor.invoke(TransactionInterceptor.java:119)
	at org.springframework.aop.framework.ReflectiveMethodInvocation.proceed(ReflectiveMethodInvocation.java:184)
	at org.springframework.aop.framework.CglibAopProxy$DynamicAdvisedInterceptor.intercept(CglibAopProxy.java:728)
	at isa.jutjub.service.VideoPostService$$SpringCGLIB$$0.getVideoFile(<generated>)
	at isa.jutjub.controller.VideoPostController.serveVideo(VideoPostController.java:523)
	at java.base/jdk.internal.reflect.NativeMethodAccessorImpl.invoke0(Native Method)
	at java.base/jdk.internal.reflect.NativeMethodAccessorImpl.invoke(NativeMethodAccessorImpl.java:77)
	at java.base/jdk.internal.reflect.DelegatingMethodAccessorImpl.invoke(DelegatingMethodAccessorImpl.java:43)
	at java.base/java.lang.reflect.Method.invoke(Method.java:568)
	at org.springframework.web.method.support.InvocableHandlerMethod.doInvoke(InvocableHandlerMethod.java:258)
	at org.springframework.web.method.support.InvocableHandlerMethod.invokeForRequest(InvocableHandlerMethod.java:191)
	at org.springframework.web.servlet.mvc.method.annotation.ServletInvocableHandlerMethod.invokeAndHandle(ServletInvocableHandlerMethod.java:118)
	at org.springframework.web.servlet.mvc.method.annotation.RequestMappingHandlerAdapter.invokeHandlerMethod(RequestMappingHandlerAdapter.java:991)
	at org.springframework.web.servlet.mvc.method.annotation.RequestMappingHandlerAdapter.handleInternal(RequestMappingHandlerAdapter.java:896)
	at org.springframework.web.servlet.mvc.method.AbstractHandlerMethodAdapter.handle(AbstractHandlerMethodAdapter.java:87)
	at org.springframework.web.servlet.DispatcherServlet.doDispatch(DispatcherServlet.java:1089)
	at org.springframework.web.servlet.DispatcherServlet.doService(DispatcherServlet.java:979)
	at org.springframework.web.servlet.FrameworkServlet.processRequest(FrameworkServlet.java:1014)
	at org.springframework.web.servlet.FrameworkServlet.doGet(FrameworkServlet.java:903)
	at jakarta.servlet.http.HttpServlet.service(HttpServlet.java:564)
	at org.springframework.web.servlet.FrameworkServlet.service(FrameworkServlet.java:885)
	at jakarta.servlet.http.HttpServlet.service(HttpServlet.java:658)
	at org.apache.catalina.core.ApplicationFilterChain.internalDoFilter(ApplicationFilterChain.java:193)
	at org.apache.catalina.core.ApplicationFilterChain.doFilter(ApplicationFilterChain.java:138)
	at org.apache.tomcat.websocket.server.WsFilter.doFilter(WsFilter.java:51)
	at org.apache.catalina.core.ApplicationFilterChain.internalDoFilter(ApplicationFilterChain.java:162)
	at org.apache.catalina.core.ApplicationFilterChain.doFilter(ApplicationFilterChain.java:138)
	at org.springframework.web.filter.OncePerRequestFilter.doFilter(OncePerRequestFilter.java:101)
	at org.apache.catalina.core.ApplicationFilterChain.internalDoFilter(ApplicationFilterChain.java:162)
	at org.apache.catalina.core.ApplicationFilterChain.doFilter(ApplicationFilterChain.java:138)
	at org.springframework.web.servlet.resource.ResourceUrlEncodingFilter.doFilter(ResourceUrlEncodingFilter.java:66)
	at org.apache.catalina.core.ApplicationFilterChain.internalDoFilter(ApplicationFilterChain.java:162)
	at org.apache.catalina.core.ApplicationFilterChain.doFilter(ApplicationFilterChain.java:138)
	at org.springframework.web.filter.CompositeFilter$VirtualFilterChain.doFilter(CompositeFilter.java:108)
	at org.springframework.web.filter.CompositeFilter$VirtualFilterChain.doFilter(CompositeFilter.java:108)
	at org.springframework.security.web.FilterChainProxy.lambda$doFilterInternal$3(FilterChainProxy.java:231)
	at org.springframework.security.web.FilterChainProxy$VirtualFilterChain.doFilter(FilterChainProxy.java:365)
	at org.springframework.security.web.access.intercept.AuthorizationFilter.doFilter(AuthorizationFilter.java:101)
	at org.springframework.security.web.FilterChainProxy$VirtualFilterChain.doFilter(FilterChainProxy.java:374)
	at org.springframework.security.web.access.ExceptionTranslationFilter.doFilter(ExceptionTranslationFilter.java:125)
	at org.springframework.security.web.access.ExceptionTranslationFilter.doFilter(ExceptionTranslationFilter.java:119)
	at org.springframework.security.web.FilterChainProxy$VirtualFilterChain.doFilter(FilterChainProxy.java:374)
	at org.springframework.security.web.authentication.AnonymousAuthenticationFilter.doFilter(AnonymousAuthenticationFilter.java:100)
	at org.springframework.security.web.FilterChainProxy$VirtualFilterChain.doFilter(FilterChainProxy.java:374)
	at org.springframework.security.web.servletapi.SecurityContextHolderAwareRequestFilter.doFilter(SecurityContextHolderAwareRequestFilter.java:179)
	at org.springframework.security.web.FilterChainProxy$VirtualFilterChain.doFilter(FilterChainProxy.java:374)
	at org.springframework.security.web.savedrequest.RequestCacheAwareFilter.doFilter(RequestCacheAwareFilter.java:63)
	at org.springframework.security.web.FilterChainProxy$VirtualFilterChain.doFilter(FilterChainProxy.java:374)
	at org.springframework.security.web.authentication.logout.LogoutFilter.doFilter(LogoutFilter.java:107)
	at org.springframework.security.web.authentication.logout.LogoutFilter.doFilter(LogoutFilter.java:93)
	at org.springframework.security.web.FilterChainProxy$VirtualFilterChain.doFilter(FilterChainProxy.java:374)
	at org.springframework.web.filter.CorsFilter.doFilterInternal(CorsFilter.java:91)
	at org.springframework.web.filter.OncePerRequestFilter.doFilter(OncePerRequestFilter.java:116)
	at org.springframework.security.web.FilterChainProxy$VirtualFilterChain.doFilter(FilterChainProxy.java:374)
	at org.springframework.security.web.header.HeaderWriterFilter.doHeadersAfter(HeaderWriterFilter.java:90)
	at org.springframework.security.web.header.HeaderWriterFilter.doFilterInternal(HeaderWriterFilter.java:75)
	at org.springframework.web.filter.OncePerRequestFilter.doFilter(OncePerRequestFilter.java:116)
	at org.springframework.security.web.FilterChainProxy$VirtualFilterChain.doFilter(FilterChainProxy.java:374)
	at org.springframework.security.web.context.SecurityContextHolderFilter.doFilter(SecurityContextHolderFilter.java:82)
	at org.springframework.security.web.context.SecurityContextHolderFilter.doFilter(SecurityContextHolderFilter.java:69)
	at org.springframework.security.web.FilterChainProxy$VirtualFilterChain.doFilter(FilterChainProxy.java:374)
	at org.springframework.security.web.context.request.async.WebAsyncManagerIntegrationFilter.doFilterInternal(WebAsyncManagerIntegrationFilter.java:62)
	at org.springframework.web.filter.OncePerRequestFilter.doFilter(OncePerRequestFilter.java:116)
	at org.springframework.security.web.FilterChainProxy$VirtualFilterChain.doFilter(FilterChainProxy.java:374)
	at org.springframework.security.web.session.DisableEncodeUrlFilter.doFilterInternal(DisableEncodeUrlFilter.java:42)
	at org.springframework.web.filter.OncePerRequestFilter.doFilter(OncePerRequestFilter.java:116)
	at org.springframework.security.web.FilterChainProxy$VirtualFilterChain.doFilter(FilterChainProxy.java:374)
	at org.springframework.security.web.FilterChainProxy.doFilterInternal(FilterChainProxy.java:233)
	at org.springframework.security.web.FilterChainProxy.doFilter(FilterChainProxy.java:191)
	at org.springframework.web.filter.CompositeFilter$VirtualFilterChain.doFilter(CompositeFilter.java:113)
	at org.springframework.web.filter.ServletRequestPathFilter.doFilter(ServletRequestPathFilter.java:52)
	at org.springframework.web.filter.CompositeFilter$VirtualFilterChain.doFilter(CompositeFilter.java:113)
	at org.springframework.web.filter.CompositeFilter.doFilter(CompositeFilter.java:74)
	at org.springframework.security.config.annotation.web.configuration.WebSecurityConfiguration$CompositeFilterChainProxy.doFilter(WebSecurityConfiguration.java:319)
	at org.springframework.web.filter.CompositeFilter$VirtualFilterChain.doFilter(CompositeFilter.java:113)
	at org.springframework.web.servlet.handler.HandlerMappingIntrospector.lambda$createCacheFilter$4(HandlerMappingIntrospector.java:267)
	at org.springframework.web.filter.CompositeFilter$VirtualFilterChain.doFilter(CompositeFilter.java:113)
	at org.springframework.web.filter.CompositeFilter.doFilter(CompositeFilter.java:74)
	at org.springframework.security.config.annotation.web.configuration.WebMvcSecurityConfiguration$CompositeFilterChainProxy.doFilter(WebMvcSecurityConfiguration.java:240)
	at org.springframework.web.filter.DelegatingFilterProxy.invokeDelegate(DelegatingFilterProxy.java:362)
	at org.springframework.web.filter.DelegatingFilterProxy.doFilter(DelegatingFilterProxy.java:278)
	at org.apache.catalina.core.ApplicationFilterChain.internalDoFilter(ApplicationFilterChain.java:162)
	at org.apache.catalina.core.ApplicationFilterChain.doFilter(ApplicationFilterChain.java:138)
	at org.springframework.web.filter.RequestContextFilter.doFilterInternal(RequestContextFilter.java:100)
	at org.springframework.web.filter.OncePerRequestFilter.doFilter(OncePerRequestFilter.java:116)
	at org.apache.catalina.core.ApplicationFilterChain.internalDoFilter(ApplicationFilterChain.java:162)
	at org.apache.catalina.core.ApplicationFilterChain.doFilter(ApplicationFilterChain.java:138)
	at org.springframework.web.filter.FormContentFilter.doFilterInternal(FormContentFilter.java:93)
	at org.springframework.web.filter.OncePerRequestFilter.doFilter(OncePerRequestFilter.java:116)
	at org.apache.catalina.core.ApplicationFilterChain.internalDoFilter(ApplicationFilterChain.java:162)
	at org.apache.catalina.core.ApplicationFilterChain.doFilter(ApplicationFilterChain.java:138)
	at org.springframework.web.filter.CharacterEncodingFilter.doFilterInternal(CharacterEncodingFilter.java:201)
	at org.springframework.web.filter.OncePerRequestFilter.doFilter(OncePerRequestFilter.java:116)
	at org.apache.catalina.core.ApplicationFilterChain.internalDoFilter(ApplicationFilterChain.java:162)
	at org.apache.catalina.core.ApplicationFilterChain.doFilter(ApplicationFilterChain.java:138)
	at org.apache.catalina.core.StandardWrapperValve.invoke(StandardWrapperValve.java:165)
	at org.apache.catalina.core.StandardContextValve.invoke(StandardContextValve.java:88)
	at org.apache.catalina.authenticator.AuthenticatorBase.invoke(AuthenticatorBase.java:482)
	at org.apache.catalina.core.StandardHostValve.invoke(StandardHostValve.java:113)
	at org.apache.catalina.valves.ErrorReportValve.invoke(ErrorReportValve.java:83)
	at org.apache.catalina.core.StandardEngineValve.invoke(StandardEngineValve.java:72)
	at org.apache.catalina.connector.CoyoteAdapter.service(CoyoteAdapter.java:342)
	at org.apache.coyote.http11.Http11Processor.service(Http11Processor.java:399)
	at org.apache.coyote.AbstractProcessorLight.process(AbstractProcessorLight.java:63)
	at org.apache.coyote.AbstractProtocol$ConnectionHandler.process(AbstractProtocol.java:903)
	at org.apache.tomcat.util.net.NioEndpoint$SocketProcessor.doRun(NioEndpoint.java:1774)
	at org.apache.tomcat.util.net.SocketProcessorBase.run(SocketProcessorBase.java:52)
	at org.apache.tomcat.util.threads.ThreadPoolExecutor.runWorker(ThreadPoolExecutor.java:973)
	at org.apache.tomcat.util.threads.ThreadPoolExecutor$Worker.run(ThreadPoolExecutor.java:491)
	at org.apache.tomcat.util.threads.TaskThread$WrappingRunnable.run(TaskThread.java:63)
	at java.base/java.lang.Thread.run(Thread.java:833)
2026-02-05 20:25:44.950 [http-nio-8080-exec-9] DEBUG isa.jutjub.service.VideoPostService - Fetching all video posts with pagination: page 0, size 10
2026-02-05 20:25:44.952 [http-nio-8080-exec-9] DEBUG o.h.c.s.s.AbstractReadWriteAccess - Caching data from load [region=`isa.jutjub.model.VideoPost` (AccessType[read-write])] : key[isa.jutjub.model.VideoPost#5] -> value[CacheEntry(isa.jutjub.model.VideoPost)]
2026-02-05 20:25:44.953 [http-nio-8080-exec-9] DEBUG o.h.c.s.s.AbstractReadWriteAccess - Caching data from load [region=`isa.jutjub.model.VideoPost` (AccessType[read-write])] : key[isa.jutjub.model.VideoPost#4] -> value[CacheEntry(isa.jutjub.model.VideoPost)]
2026-02-05 20:25:44.953 [http-nio-8080-exec-9] DEBUG o.h.c.s.s.AbstractReadWriteAccess - Checking writeability of read-write cache item [timestamp=`7251228851728384`, version=`null`] : txTimestamp=`7251228856115200`, newVersion=`null`
2026-02-05 20:25:44.953 [http-nio-8080-exec-9] DEBUG o.h.c.s.s.AbstractReadWriteAccess - Cache put-from-load [region=`AccessType[read-write]` (isa.jutjub.model.VideoPost), key=`isa.jutjub.model.VideoPost#4`, value=`CacheEntry(isa.jutjub.model.VideoPost)`] failed due to being non-writable
2026-02-05 20:25:44.953 [http-nio-8080-exec-9] DEBUG o.h.c.s.s.AbstractReadWriteAccess - Caching data from load [region=`isa.jutjub.model.VideoPost` (AccessType[read-write])] : key[isa.jutjub.model.VideoPost#3] -> value[CacheEntry(isa.jutjub.model.VideoPost)]
2026-02-05 20:25:44.953 [http-nio-8080-exec-9] DEBUG o.h.c.s.s.AbstractReadWriteAccess - Caching data from load [region=`isa.jutjub.model.VideoPost` (AccessType[read-write])] : key[isa.jutjub.model.VideoPost#2] -> value[CacheEntry(isa.jutjub.model.VideoPost)]
2026-02-05 20:25:44.953 [http-nio-8080-exec-9] DEBUG o.h.c.s.s.AbstractReadWriteAccess - Caching data from load [region=`isa.jutjub.model.VideoPost` (AccessType[read-write])] : key[isa.jutjub.model.VideoPost#1] -> value[CacheEntry(isa.jutjub.model.VideoPost)]
2026-02-05 20:25:44.953 [http-nio-8080-exec-9] DEBUG o.h.stat.internal.StatisticsImpl - HHH000117: HQL: [CRITERIA] select vp1_0.id,vp1_0.comments_count,vp1_0.created_at,vp1_0.deleted,vp1_0.likes_count,vp1_0.location,vp1_0.thumbnail_path,vp1_0.title,vp1_0.updated_at,vp1_0.upload_duration_ms,vp1_0.video_description,vp1_0.video_file_size,vp1_0.video_path,vp1_0.views_count from video_posts vp1_0 order by vp1_0.created_at desc offset ? rows fetch first ? rows only, time: 1ms, rows: 5
2026-02-05 20:25:44.954 [http-nio-8080-exec-9] DEBUG o.h.c.s.s.AbstractReadWriteAccess - Getting cached data from region [`isa.jutjub.model.VideoPost.tags` (AccessType[read-write])] by key [isa.jutjub.model.VideoPost.tags#5]
2026-02-05 20:25:44.954 [http-nio-8080-exec-9] DEBUG o.h.c.s.s.AbstractReadWriteAccess - Cache hit, but item is unreadable/invalid : region = `isa.jutjub.model.VideoPost.tags`, key = `isa.jutjub.model.VideoPost.tags#5`
2026-02-05 20:25:44.954 [http-nio-8080-exec-9] DEBUG o.h.c.s.s.AbstractReadWriteAccess - Caching data from load [region=`isa.jutjub.model.VideoPost.tags` (AccessType[read-write])] : key[isa.jutjub.model.VideoPost.tags#5] -> value[CollectionCacheEntry[exploration,urban,city,travel]]
2026-02-05 20:25:44.954 [http-nio-8080-exec-9] DEBUG o.h.c.s.s.AbstractReadWriteAccess - Checking writeability of read-write cache lock [timeout=`7251229065666561`, lockId=`4`, version=`null`, sourceUuid=222c76f6-7995-43ac-9a40-c75eb4e15c44, multiplicity=`0`, unlockTimestamp=`7251228819906563`] : txTimestamp=`7251228856115200`, newVersion=`null`
2026-02-05 20:25:44.954 [http-nio-8080-exec-9] DEBUG o.h.c.s.s.AbstractReadWriteAccess - Getting cached data from region [`isa.jutjub.model.VideoPost.tags` (AccessType[read-write])] by key [isa.jutjub.model.VideoPost.tags#4]
2026-02-05 20:25:44.954 [http-nio-8080-exec-9] DEBUG o.h.c.s.s.AbstractReadWriteAccess - Checking readability of read-write cache item [timestamp=`7251228851605504`, version=`null`] : txTimestamp=`7251228856115200`
2026-02-05 20:25:44.956 [http-nio-8080-exec-9] DEBUG o.h.c.s.s.AbstractReadWriteAccess - Cache hit : region = `isa.jutjub.model.VideoPost.tags`, key = `isa.jutjub.model.VideoPost.tags#4`
2026-02-05 20:25:44.956 [http-nio-8080-exec-9] DEBUG o.h.c.s.s.AbstractReadWriteAccess - Getting cached data from region [`isa.jutjub.model.VideoPost.tags` (AccessType[read-write])] by key [isa.jutjub.model.VideoPost.tags#3]
2026-02-05 20:25:44.956 [http-nio-8080-exec-9] DEBUG o.h.c.s.s.AbstractReadWriteAccess - Cache hit, but item is unreadable/invalid : region = `isa.jutjub.model.VideoPost.tags`, key = `isa.jutjub.model.VideoPost.tags#3`
2026-02-05 20:25:44.956 [http-nio-8080-exec-9] DEBUG o.h.c.s.s.AbstractReadWriteAccess - Caching data from load [region=`isa.jutjub.model.VideoPost.tags` (AccessType[read-write])] : key[isa.jutjub.model.VideoPost.tags#3] -> value[CollectionCacheEntry[tech,smartphone,review,technology]]
2026-02-05 20:25:44.956 [http-nio-8080-exec-9] DEBUG o.h.c.s.s.AbstractReadWriteAccess - Checking writeability of read-write cache lock [timeout=`7251229065650184`, lockId=`2`, version=`null`, sourceUuid=222c76f6-7995-43ac-9a40-c75eb4e15c44, multiplicity=`0`, unlockTimestamp=`7251228819898369`] : txTimestamp=`7251228856115200`, newVersion=`null`
2026-02-05 20:25:44.956 [http-nio-8080-exec-9] DEBUG o.h.c.s.s.AbstractReadWriteAccess - Getting cached data from region [`isa.jutjub.model.VideoPost.tags` (AccessType[read-write])] by key [isa.jutjub.model.VideoPost.tags#2]
2026-02-05 20:25:44.956 [http-nio-8080-exec-9] DEBUG o.h.c.s.s.AbstractReadWriteAccess - Cache hit, but item is unreadable/invalid : region = `isa.jutjub.model.VideoPost.tags`, key = `isa.jutjub.model.VideoPost.tags#2`
2026-02-05 20:25:44.956 [http-nio-8080-exec-9] DEBUG o.h.c.s.s.AbstractReadWriteAccess - Caching data from load [region=`isa.jutjub.model.VideoPost.tags` (AccessType[read-write])] : key[isa.jutjub.model.VideoPost.tags#2] -> value[CollectionCacheEntry[pasta,recipe,italian,cooking]]
2026-02-05 20:25:44.956 [http-nio-8080-exec-9] DEBUG o.h.c.s.s.AbstractReadWriteAccess - Checking writeability of read-write cache lock [timeout=`7251229065650177`, lockId=`1`, version=`null`, sourceUuid=222c76f6-7995-43ac-9a40-c75eb4e15c44, multiplicity=`0`, unlockTimestamp=`7251228819890179`] : txTimestamp=`7251228856115200`, newVersion=`null`
2026-02-05 20:25:44.956 [http-nio-8080-exec-9] DEBUG o.h.c.s.s.AbstractReadWriteAccess - Getting cached data from region [`isa.jutjub.model.VideoPost.tags` (AccessType[read-write])] by key [isa.jutjub.model.VideoPost.tags#1]
2026-02-05 20:25:44.956 [http-nio-8080-exec-9] DEBUG o.h.c.s.s.AbstractReadWriteAccess - Cache hit, but item is unreadable/invalid : region = `isa.jutjub.model.VideoPost.tags`, key = `isa.jutjub.model.VideoPost.tags#1`
2026-02-05 20:25:44.957 [http-nio-8080-exec-9] DEBUG o.h.c.s.s.AbstractReadWriteAccess - Caching data from load [region=`isa.jutjub.model.VideoPost.tags` (AccessType[read-write])] : key[isa.jutjub.model.VideoPost.tags#1] -> value[CollectionCacheEntry[nature,travel,documentary,wildlife]]
2026-02-05 20:25:44.957 [http-nio-8080-exec-9] DEBUG o.h.c.s.s.AbstractReadWriteAccess - Checking writeability of read-write cache lock [timeout=`7251229065646080`, lockId=`0`, version=`null`, sourceUuid=222c76f6-7995-43ac-9a40-c75eb4e15c44, multiplicity=`0`, unlockTimestamp=`7251228819886082`] : txTimestamp=`7251228856115200`, newVersion=`null`
2026-02-05 20:25:44.968 [http-nio-8080-exec-5] DEBUG isa.jutjub.service.VideoPostService - Fetching video post by ID: 5 without cache
2026-02-05 20:25:44.968 [http-nio-8080-exec-6] DEBUG isa.jutjub.service.VideoPostService - Fetching video post by ID: 4 without cache
2026-02-05 20:25:44.968 [http-nio-8080-exec-5] DEBUG o.h.c.s.s.AbstractReadWriteAccess - Getting cached data from region [`isa.jutjub.model.VideoPost` (AccessType[read-write])] by key [isa.jutjub.model.VideoPost#5]
2026-02-05 20:25:44.968 [http-nio-8080-exec-5] DEBUG o.h.c.s.s.AbstractReadWriteAccess - Checking readability of read-write cache item [timestamp=`7251228856115200`, version=`null`] : txTimestamp=`7251228856188929`
2026-02-05 20:25:44.968 [http-nio-8080-exec-5] DEBUG o.h.c.s.s.AbstractReadWriteAccess - Cache hit : region = `isa.jutjub.model.VideoPost`, key = `isa.jutjub.model.VideoPost#5`
2026-02-05 20:25:44.968 [http-nio-8080-exec-6] DEBUG o.h.c.s.s.AbstractReadWriteAccess - Getting cached data from region [`isa.jutjub.model.VideoPost` (AccessType[read-write])] by key [isa.jutjub.model.VideoPost#4]
2026-02-05 20:25:44.968 [http-nio-8080-exec-6] DEBUG o.h.c.s.s.AbstractReadWriteAccess - Checking readability of read-write cache item [timestamp=`7251228851728384`, version=`null`] : txTimestamp=`7251228856188930`
2026-02-05 20:25:44.968 [http-nio-8080-exec-6] DEBUG o.h.c.s.s.AbstractReadWriteAccess - Cache hit : region = `isa.jutjub.model.VideoPost`, key = `isa.jutjub.model.VideoPost#4`
2026-02-05 20:25:44.968 [http-nio-8080-exec-7] DEBUG isa.jutjub.service.VideoPostService - Fetching video post by ID: 3 without cache
2026-02-05 20:25:44.968 [http-nio-8080-exec-7] DEBUG o.h.c.s.s.AbstractReadWriteAccess - Getting cached data from region [`isa.jutjub.model.VideoPost` (AccessType[read-write])] by key [isa.jutjub.model.VideoPost#3]
2026-02-05 20:25:44.968 [http-nio-8080-exec-8] DEBUG isa.jutjub.service.VideoPostService - Fetching video post by ID: 2 without cache
2026-02-05 20:25:44.968 [http-nio-8080-exec-7] DEBUG o.h.c.s.s.AbstractReadWriteAccess - Checking readability of read-write cache item [timestamp=`7251228856115200`, version=`null`] : txTimestamp=`7251228856188932`
2026-02-05 20:25:44.968 [http-nio-8080-exec-7] DEBUG o.h.c.s.s.AbstractReadWriteAccess - Cache hit : region = `isa.jutjub.model.VideoPost`, key = `isa.jutjub.model.VideoPost#3`
2026-02-05 20:25:44.968 [http-nio-8080-exec-4] DEBUG isa.jutjub.service.VideoPostService - Fetching video post by ID: 1 without cache
2026-02-05 20:25:44.968 [http-nio-8080-exec-8] DEBUG o.h.c.s.s.AbstractReadWriteAccess - Getting cached data from region [`isa.jutjub.model.VideoPost` (AccessType[read-write])] by key [isa.jutjub.model.VideoPost#2]
2026-02-05 20:25:44.969 [http-nio-8080-exec-8] DEBUG o.h.c.s.s.AbstractReadWriteAccess - Checking readability of read-write cache item [timestamp=`7251228856115200`, version=`null`] : txTimestamp=`7251228856188936`
2026-02-05 20:25:44.969 [http-nio-8080-exec-4] DEBUG o.h.c.s.s.AbstractReadWriteAccess - Getting cached data from region [`isa.jutjub.model.VideoPost` (AccessType[read-write])] by key [isa.jutjub.model.VideoPost#1]
2026-02-05 20:25:44.969 [http-nio-8080-exec-8] DEBUG o.h.c.s.s.AbstractReadWriteAccess - Cache hit : region = `isa.jutjub.model.VideoPost`, key = `isa.jutjub.model.VideoPost#2`
2026-02-05 20:25:44.969 [http-nio-8080-exec-4] DEBUG o.h.c.s.s.AbstractReadWriteAccess - Checking readability of read-write cache item [timestamp=`7251228856115200`, version=`null`] : txTimestamp=`7251228856188939`
2026-02-05 20:25:44.969 [http-nio-8080-exec-4] DEBUG o.h.c.s.s.AbstractReadWriteAccess - Cache hit : region = `isa.jutjub.model.VideoPost`, key = `isa.jutjub.model.VideoPost#1`
2026-02-05 20:25:45.508 [http-nio-8080-exec-10] DEBUG isa.jutjub.service.VideoPostService - Fetching video post by ID: 3 without cache
2026-02-05 20:25:45.508 [http-nio-8080-exec-10] DEBUG o.h.c.s.s.AbstractReadWriteAccess - Getting cached data from region [`isa.jutjub.model.VideoPost` (AccessType[read-write])] by key [isa.jutjub.model.VideoPost#3]
2026-02-05 20:25:45.508 [http-nio-8080-exec-10] DEBUG o.h.c.s.s.AbstractReadWriteAccess - Checking readability of read-write cache item [timestamp=`7251228856115200`, version=`null`] : txTimestamp=`7251228858400770`
2026-02-05 20:25:45.508 [http-nio-8080-exec-10] DEBUG o.h.c.s.s.AbstractReadWriteAccess - Cache hit : region = `isa.jutjub.model.VideoPost`, key = `isa.jutjub.model.VideoPost#3`
2026-02-05 20:25:45.509 [http-nio-8080-exec-10] DEBUG o.h.c.i.TimestampsCacheEnabledImpl - Pre-invalidating space [video_posts], timestamp: 7251229104164865
2026-02-05 20:25:45.509 [http-nio-8080-exec-10] INFO  isa.jutjub.service.VideoPostService - Incremented view count for video post ID: 3
2026-02-05 20:25:45.509 [http-nio-8080-exec-10] DEBUG o.h.c.i.TimestampsCacheEnabledImpl - Invalidating space [video_posts], timestamp: 7251228858404866
2026-02-05 20:25:45.511 [http-nio-8080-exec-10] DEBUG o.h.c.s.s.AbstractReadWriteAccess - Getting cached data from region [`isa.jutjub.model.VideoPost.tags` (AccessType[read-write])] by key [isa.jutjub.model.VideoPost.tags#3]
2026-02-05 20:25:45.511 [http-nio-8080-exec-10] DEBUG o.h.c.s.s.AbstractReadWriteAccess - Checking readability of read-write cache item [timestamp=`7251228856115200`, version=`null`] : txTimestamp=`7251228858404864`
2026-02-05 20:25:45.511 [http-nio-8080-exec-10] DEBUG o.h.c.s.s.AbstractReadWriteAccess - Cache hit : region = `isa.jutjub.model.VideoPost.tags`, key = `isa.jutjub.model.VideoPost.tags#3`
2026-02-05 20:25:45.524 [http-nio-8080-exec-1] DEBUG isa.jutjub.service.VideoPostService - Fetching video post by ID: 3 without cache
2026-02-05 20:25:45.524 [http-nio-8080-exec-1] DEBUG o.h.c.s.s.AbstractReadWriteAccess - Getting cached data from region [`isa.jutjub.model.VideoPost` (AccessType[read-write])] by key [isa.jutjub.model.VideoPost#3]
2026-02-05 20:25:45.524 [http-nio-8080-exec-1] DEBUG o.h.c.s.s.AbstractReadWriteAccess - Cache miss : region = `isa.jutjub.model.VideoPost`, key = `isa.jutjub.model.VideoPost#3`
2026-02-05 20:25:45.525 [http-nio-8080-exec-1] DEBUG o.h.c.s.s.AbstractReadWriteAccess - Caching data from load [region=`isa.jutjub.model.VideoPost` (AccessType[read-write])] : key[isa.jutjub.model.VideoPost#3] -> value[CacheEntry(isa.jutjub.model.VideoPost)]
2026-02-05 20:25:45.525 [http-nio-8080-exec-1] INFO  i.jutjub.service.FileUploadService - Loading video file from path: /videos/smartphone_review.mp4 -> normalized: \videos\smartphone_review.mp4
2026-02-05 20:25:45.525 [http-nio-8080-exec-1] INFO  i.jutjub.service.FileUploadService - Resource created: smartphone_review.mp4, exists: false, readable: false
2026-02-05 20:25:45.525 [http-nio-8080-exec-1] INFO  i.jutjub.service.FileUploadService - Trying Unix path format: \videos\smartphone_review.mp4
2026-02-05 20:25:45.525 [http-nio-8080-exec-1] INFO  i.jutjub.service.FileUploadService - Unix path resource exists: false, readable: false
2026-02-05 20:25:45.525 [http-nio-8080-exec-1] ERROR i.jutjub.service.FileUploadService - Video file not found or not readable: /videos/smartphone_review.mp4
2026-02-05 20:25:45.526 [http-nio-8080-exec-1] ERROR i.jutjub.service.FileUploadService - Failed to load video file: /videos/smartphone_review.mp4
java.lang.RuntimeException: Video file not found: /videos/smartphone_review.mp4
	at isa.jutjub.service.FileUploadService.getVideoFile(FileUploadService.java:203)
	at isa.jutjub.service.VideoPostService.getVideoFile(VideoPostService.java:297)
	at java.base/jdk.internal.reflect.NativeMethodAccessorImpl.invoke0(Native Method)
	at java.base/jdk.internal.reflect.NativeMethodAccessorImpl.invoke(NativeMethodAccessorImpl.java:77)
	at java.base/jdk.internal.reflect.DelegatingMethodAccessorImpl.invoke(DelegatingMethodAccessorImpl.java:43)
	at java.base/java.lang.reflect.Method.invoke(Method.java:568)
	at org.springframework.aop.support.AopUtils.invokeJoinpointUsingReflection(AopUtils.java:360)
	at org.springframework.aop.framework.ReflectiveMethodInvocation.invokeJoinpoint(ReflectiveMethodInvocation.java:196)
	at org.springframework.aop.framework.ReflectiveMethodInvocation.proceed(ReflectiveMethodInvocation.java:163)
	at org.springframework.transaction.interceptor.TransactionAspectSupport.invokeWithinTransaction(TransactionAspectSupport.java:380)
	at org.springframework.transaction.interceptor.TransactionInterceptor.invoke(TransactionInterceptor.java:119)
	at org.springframework.aop.framework.ReflectiveMethodInvocation.proceed(ReflectiveMethodInvocation.java:184)
	at org.springframework.aop.framework.CglibAopProxy$DynamicAdvisedInterceptor.intercept(CglibAopProxy.java:728)
	at isa.jutjub.service.VideoPostService$$SpringCGLIB$$0.getVideoFile(<generated>)
	at isa.jutjub.controller.VideoPostController.serveVideo(VideoPostController.java:523)
	at java.base/jdk.internal.reflect.NativeMethodAccessorImpl.invoke0(Native Method)
	at java.base/jdk.internal.reflect.NativeMethodAccessorImpl.invoke(NativeMethodAccessorImpl.java:77)
	at java.base/jdk.internal.reflect.DelegatingMethodAccessorImpl.invoke(DelegatingMethodAccessorImpl.java:43)
	at java.base/java.lang.reflect.Method.invoke(Method.java:568)
	at org.springframework.web.method.support.InvocableHandlerMethod.doInvoke(InvocableHandlerMethod.java:258)
	at org.springframework.web.method.support.InvocableHandlerMethod.invokeForRequest(InvocableHandlerMethod.java:191)
	at org.springframework.web.servlet.mvc.method.annotation.ServletInvocableHandlerMethod.invokeAndHandle(ServletInvocableHandlerMethod.java:118)
	at org.springframework.web.servlet.mvc.method.annotation.RequestMappingHandlerAdapter.invokeHandlerMethod(RequestMappingHandlerAdapter.java:991)
	at org.springframework.web.servlet.mvc.method.annotation.RequestMappingHandlerAdapter.handleInternal(RequestMappingHandlerAdapter.java:896)
	at org.springframework.web.servlet.mvc.method.AbstractHandlerMethodAdapter.handle(AbstractHandlerMethodAdapter.java:87)
	at org.springframework.web.servlet.DispatcherServlet.doDispatch(DispatcherServlet.java:1089)
	at org.springframework.web.servlet.DispatcherServlet.doService(DispatcherServlet.java:979)
	at org.springframework.web.servlet.FrameworkServlet.processRequest(FrameworkServlet.java:1014)
	at org.springframework.web.servlet.FrameworkServlet.doGet(FrameworkServlet.java:903)
	at jakarta.servlet.http.HttpServlet.service(HttpServlet.java:564)
	at org.springframework.web.servlet.FrameworkServlet.service(FrameworkServlet.java:885)
	at jakarta.servlet.http.HttpServlet.service(HttpServlet.java:658)
	at org.apache.catalina.core.ApplicationFilterChain.internalDoFilter(ApplicationFilterChain.java:193)
	at org.apache.catalina.core.ApplicationFilterChain.doFilter(ApplicationFilterChain.java:138)
	at org.apache.tomcat.websocket.server.WsFilter.doFilter(WsFilter.java:51)
	at org.apache.catalina.core.ApplicationFilterChain.internalDoFilter(ApplicationFilterChain.java:162)
	at org.apache.catalina.core.ApplicationFilterChain.doFilter(ApplicationFilterChain.java:138)
	at org.springframework.web.filter.OncePerRequestFilter.doFilter(OncePerRequestFilter.java:101)
	at org.apache.catalina.core.ApplicationFilterChain.internalDoFilter(ApplicationFilterChain.java:162)
	at org.apache.catalina.core.ApplicationFilterChain.doFilter(ApplicationFilterChain.java:138)
	at org.springframework.web.servlet.resource.ResourceUrlEncodingFilter.doFilter(ResourceUrlEncodingFilter.java:66)
	at org.apache.catalina.core.ApplicationFilterChain.internalDoFilter(ApplicationFilterChain.java:162)
	at org.apache.catalina.core.ApplicationFilterChain.doFilter(ApplicationFilterChain.java:138)
	at org.springframework.web.filter.CompositeFilter$VirtualFilterChain.doFilter(CompositeFilter.java:108)
	at org.springframework.web.filter.CompositeFilter$VirtualFilterChain.doFilter(CompositeFilter.java:108)
	at org.springframework.security.web.FilterChainProxy.lambda$doFilterInternal$3(FilterChainProxy.java:231)
	at org.springframework.security.web.FilterChainProxy$VirtualFilterChain.doFilter(FilterChainProxy.java:365)
	at org.springframework.security.web.access.intercept.AuthorizationFilter.doFilter(AuthorizationFilter.java:101)
	at org.springframework.security.web.FilterChainProxy$VirtualFilterChain.doFilter(FilterChainProxy.java:374)
	at org.springframework.security.web.access.ExceptionTranslationFilter.doFilter(ExceptionTranslationFilter.java:125)
	at org.springframework.security.web.access.ExceptionTranslationFilter.doFilter(ExceptionTranslationFilter.java:119)
	at org.springframework.security.web.FilterChainProxy$VirtualFilterChain.doFilter(FilterChainProxy.java:374)
	at org.springframework.security.web.authentication.AnonymousAuthenticationFilter.doFilter(AnonymousAuthenticationFilter.java:100)
	at org.springframework.security.web.FilterChainProxy$VirtualFilterChain.doFilter(FilterChainProxy.java:374)
	at org.springframework.security.web.servletapi.SecurityContextHolderAwareRequestFilter.doFilter(SecurityContextHolderAwareRequestFilter.java:179)
	at org.springframework.security.web.FilterChainProxy$VirtualFilterChain.doFilter(FilterChainProxy.java:374)
	at org.springframework.security.web.savedrequest.RequestCacheAwareFilter.doFilter(RequestCacheAwareFilter.java:63)
	at org.springframework.security.web.FilterChainProxy$VirtualFilterChain.doFilter(FilterChainProxy.java:374)
	at org.springframework.security.web.authentication.logout.LogoutFilter.doFilter(LogoutFilter.java:107)
	at org.springframework.security.web.authentication.logout.LogoutFilter.doFilter(LogoutFilter.java:93)
	at org.springframework.security.web.FilterChainProxy$VirtualFilterChain.doFilter(FilterChainProxy.java:374)
	at org.springframework.web.filter.CorsFilter.doFilterInternal(CorsFilter.java:91)
	at org.springframework.web.filter.OncePerRequestFilter.doFilter(OncePerRequestFilter.java:116)
	at org.springframework.security.web.FilterChainProxy$VirtualFilterChain.doFilter(FilterChainProxy.java:374)
	at org.springframework.security.web.header.HeaderWriterFilter.doHeadersAfter(HeaderWriterFilter.java:90)
	at org.springframework.security.web.header.HeaderWriterFilter.doFilterInternal(HeaderWriterFilter.java:75)
	at org.springframework.web.filter.OncePerRequestFilter.doFilter(OncePerRequestFilter.java:116)
	at org.springframework.security.web.FilterChainProxy$VirtualFilterChain.doFilter(FilterChainProxy.java:374)
	at org.springframework.security.web.context.SecurityContextHolderFilter.doFilter(SecurityContextHolderFilter.java:82)
	at org.springframework.security.web.context.SecurityContextHolderFilter.doFilter(SecurityContextHolderFilter.java:69)
	at org.springframework.security.web.FilterChainProxy$VirtualFilterChain.doFilter(FilterChainProxy.java:374)
	at org.springframework.security.web.context.request.async.WebAsyncManagerIntegrationFilter.doFilterInternal(WebAsyncManagerIntegrationFilter.java:62)
	at org.springframework.web.filter.OncePerRequestFilter.doFilter(OncePerRequestFilter.java:116)
	at org.springframework.security.web.FilterChainProxy$VirtualFilterChain.doFilter(FilterChainProxy.java:374)
	at org.springframework.security.web.session.DisableEncodeUrlFilter.doFilterInternal(DisableEncodeUrlFilter.java:42)
	at org.springframework.web.filter.OncePerRequestFilter.doFilter(OncePerRequestFilter.java:116)
	at org.springframework.security.web.FilterChainProxy$VirtualFilterChain.doFilter(FilterChainProxy.java:374)
	at org.springframework.security.web.FilterChainProxy.doFilterInternal(FilterChainProxy.java:233)
	at org.springframework.security.web.FilterChainProxy.doFilter(FilterChainProxy.java:191)
	at org.springframework.web.filter.CompositeFilter$VirtualFilterChain.doFilter(CompositeFilter.java:113)
	at org.springframework.web.filter.ServletRequestPathFilter.doFilter(ServletRequestPathFilter.java:52)
	at org.springframework.web.filter.CompositeFilter$VirtualFilterChain.doFilter(CompositeFilter.java:113)
	at org.springframework.web.filter.CompositeFilter.doFilter(CompositeFilter.java:74)
	at org.springframework.security.config.annotation.web.configuration.WebSecurityConfiguration$CompositeFilterChainProxy.doFilter(WebSecurityConfiguration.java:319)
	at org.springframework.web.filter.CompositeFilter$VirtualFilterChain.doFilter(CompositeFilter.java:113)
	at org.springframework.web.servlet.handler.HandlerMappingIntrospector.lambda$createCacheFilter$4(HandlerMappingIntrospector.java:267)
	at org.springframework.web.filter.CompositeFilter$VirtualFilterChain.doFilter(CompositeFilter.java:113)
	at org.springframework.web.filter.CompositeFilter.doFilter(CompositeFilter.java:74)
	at org.springframework.security.config.annotation.web.configuration.WebMvcSecurityConfiguration$CompositeFilterChainProxy.doFilter(WebMvcSecurityConfiguration.java:240)
	at org.springframework.web.filter.DelegatingFilterProxy.invokeDelegate(DelegatingFilterProxy.java:362)
	at org.springframework.web.filter.DelegatingFilterProxy.doFilter(DelegatingFilterProxy.java:278)
	at org.apache.catalina.core.ApplicationFilterChain.internalDoFilter(ApplicationFilterChain.java:162)
	at org.apache.catalina.core.ApplicationFilterChain.doFilter(ApplicationFilterChain.java:138)
	at org.springframework.web.filter.RequestContextFilter.doFilterInternal(RequestContextFilter.java:100)
	at org.springframework.web.filter.OncePerRequestFilter.doFilter(OncePerRequestFilter.java:116)
	at org.apache.catalina.core.ApplicationFilterChain.internalDoFilter(ApplicationFilterChain.java:162)
	at org.apache.catalina.core.ApplicationFilterChain.doFilter(ApplicationFilterChain.java:138)
	at org.springframework.web.filter.FormContentFilter.doFilterInternal(FormContentFilter.java:93)
	at org.springframework.web.filter.OncePerRequestFilter.doFilter(OncePerRequestFilter.java:116)
	at org.apache.catalina.core.ApplicationFilterChain.internalDoFilter(ApplicationFilterChain.java:162)
	at org.apache.catalina.core.ApplicationFilterChain.doFilter(ApplicationFilterChain.java:138)
	at org.springframework.web.filter.CharacterEncodingFilter.doFilterInternal(CharacterEncodingFilter.java:201)
	at org.springframework.web.filter.OncePerRequestFilter.doFilter(OncePerRequestFilter.java:116)
	at org.apache.catalina.core.ApplicationFilterChain.internalDoFilter(ApplicationFilterChain.java:162)
	at org.apache.catalina.core.ApplicationFilterChain.doFilter(ApplicationFilterChain.java:138)
	at org.apache.catalina.core.StandardWrapperValve.invoke(StandardWrapperValve.java:165)
	at org.apache.catalina.core.StandardContextValve.invoke(StandardContextValve.java:88)
	at org.apache.catalina.authenticator.AuthenticatorBase.invoke(AuthenticatorBase.java:482)
	at org.apache.catalina.core.StandardHostValve.invoke(StandardHostValve.java:113)
	at org.apache.catalina.valves.ErrorReportValve.invoke(ErrorReportValve.java:83)
	at org.apache.catalina.core.StandardEngineValve.invoke(StandardEngineValve.java:72)
	at org.apache.catalina.connector.CoyoteAdapter.service(CoyoteAdapter.java:342)
	at org.apache.coyote.http11.Http11Processor.service(Http11Processor.java:399)
	at org.apache.coyote.AbstractProcessorLight.process(AbstractProcessorLight.java:63)
	at org.apache.coyote.AbstractProtocol$ConnectionHandler.process(AbstractProtocol.java:903)
	at org.apache.tomcat.util.net.NioEndpoint$SocketProcessor.doRun(NioEndpoint.java:1774)
	at org.apache.tomcat.util.net.SocketProcessorBase.run(SocketProcessorBase.java:52)
	at org.apache.tomcat.util.threads.ThreadPoolExecutor.runWorker(ThreadPoolExecutor.java:973)
	at org.apache.tomcat.util.threads.ThreadPoolExecutor$Worker.run(ThreadPoolExecutor.java:491)
	at org.apache.tomcat.util.threads.TaskThread$WrappingRunnable.run(TaskThread.java:63)
	at java.base/java.lang.Thread.run(Thread.java:833)
2026-02-05 20:25:46.157 [http-nio-8080-exec-5] DEBUG isa.jutjub.service.VideoPostService - Fetching video post by ID: 4 without cache
2026-02-05 20:25:46.157 [http-nio-8080-exec-7] DEBUG isa.jutjub.service.VideoPostService - Fetching video post by ID: 2 without cache
2026-02-05 20:25:46.157 [http-nio-8080-exec-6] DEBUG isa.jutjub.service.VideoPostService - Fetching video post by ID: 3 without cache
2026-02-05 20:25:46.157 [http-nio-8080-exec-9] DEBUG isa.jutjub.service.VideoPostService - Fetching video post by ID: 5 without cache
2026-02-05 20:25:46.157 [http-nio-8080-exec-9] DEBUG o.h.c.s.s.AbstractReadWriteAccess - Getting cached data from region [`isa.jutjub.model.VideoPost` (AccessType[read-write])] by key [isa.jutjub.model.VideoPost#5]
2026-02-05 20:25:46.157 [http-nio-8080-exec-7] DEBUG o.h.c.s.s.AbstractReadWriteAccess - Getting cached data from region [`isa.jutjub.model.VideoPost` (AccessType[read-write])] by key [isa.jutjub.model.VideoPost#2]
2026-02-05 20:25:46.157 [http-nio-8080-exec-9] DEBUG o.h.c.s.s.AbstractReadWriteAccess - Cache miss : region = `isa.jutjub.model.VideoPost`, key = `isa.jutjub.model.VideoPost#5`
2026-02-05 20:25:46.157 [http-nio-8080-exec-6] DEBUG o.h.c.s.s.AbstractReadWriteAccess - Getting cached data from region [`isa.jutjub.model.VideoPost` (AccessType[read-write])] by key [isa.jutjub.model.VideoPost#3]
2026-02-05 20:25:46.157 [http-nio-8080-exec-7] DEBUG o.h.c.s.s.AbstractReadWriteAccess - Cache miss : region = `isa.jutjub.model.VideoPost`, key = `isa.jutjub.model.VideoPost#2`
2026-02-05 20:25:46.157 [http-nio-8080-exec-5] DEBUG o.h.c.s.s.AbstractReadWriteAccess - Getting cached data from region [`isa.jutjub.model.VideoPost` (AccessType[read-write])] by key [isa.jutjub.model.VideoPost#4]
2026-02-05 20:25:46.157 [http-nio-8080-exec-4] DEBUG isa.jutjub.service.VideoPostService - Fetching video post by ID: 1 without cache
2026-02-05 20:25:46.157 [http-nio-8080-exec-5] DEBUG o.h.c.s.s.AbstractReadWriteAccess - Cache miss : region = `isa.jutjub.model.VideoPost`, key = `isa.jutjub.model.VideoPost#4`
2026-02-05 20:25:46.157 [http-nio-8080-exec-4] DEBUG o.h.c.s.s.AbstractReadWriteAccess - Getting cached data from region [`isa.jutjub.model.VideoPost` (AccessType[read-write])] by key [isa.jutjub.model.VideoPost#1]
2026-02-05 20:25:46.158 [http-nio-8080-exec-4] DEBUG o.h.c.s.s.AbstractReadWriteAccess - Cache miss : region = `isa.jutjub.model.VideoPost`, key = `isa.jutjub.model.VideoPost#1`
2026-02-05 20:25:46.158 [http-nio-8080-exec-6] DEBUG o.h.c.s.s.AbstractReadWriteAccess - Checking readability of read-write cache item [timestamp=`7251228858466304`, version=`null`] : txTimestamp=`7251228861059078`
2026-02-05 20:25:46.158 [http-nio-8080-exec-6] DEBUG o.h.c.s.s.AbstractReadWriteAccess - Cache hit : region = `isa.jutjub.model.VideoPost`, key = `isa.jutjub.model.VideoPost#3`
2026-02-05 20:25:46.158 [http-nio-8080-exec-4] DEBUG o.h.c.s.s.AbstractReadWriteAccess - Caching data from load [region=`isa.jutjub.model.VideoPost` (AccessType[read-write])] : key[isa.jutjub.model.VideoPost#1] -> value[CacheEntry(isa.jutjub.model.VideoPost)]
2026-02-05 20:25:46.158 [http-nio-8080-exec-9] DEBUG o.h.c.s.s.AbstractReadWriteAccess - Caching data from load [region=`isa.jutjub.model.VideoPost` (AccessType[read-write])] : key[isa.jutjub.model.VideoPost#5] -> value[CacheEntry(isa.jutjub.model.VideoPost)]
2026-02-05 20:25:46.158 [http-nio-8080-exec-7] DEBUG o.h.c.s.s.AbstractReadWriteAccess - Caching data from load [region=`isa.jutjub.model.VideoPost` (AccessType[read-write])] : key[isa.jutjub.model.VideoPost#2] -> value[CacheEntry(isa.jutjub.model.VideoPost)]
2026-02-05 20:25:46.159 [http-nio-8080-exec-5] DEBUG o.h.c.s.s.AbstractReadWriteAccess - Caching data from load [region=`isa.jutjub.model.VideoPost` (AccessType[read-write])] : key[isa.jutjub.model.VideoPost#4] -> value[CacheEntry(isa.jutjub.model.VideoPost)]
2026-02-05 20:25:46.499 [http-nio-8080-exec-8] DEBUG isa.jutjub.service.VideoPostService - Fetching video post by ID: 5 without cache
2026-02-05 20:25:46.499 [http-nio-8080-exec-8] DEBUG o.h.c.s.s.AbstractReadWriteAccess - Getting cached data from region [`isa.jutjub.model.VideoPost` (AccessType[read-write])] by key [isa.jutjub.model.VideoPost#5]
2026-02-05 20:25:46.499 [http-nio-8080-exec-8] DEBUG o.h.c.s.s.AbstractReadWriteAccess - Checking readability of read-write cache item [timestamp=`7251228861059077`, version=`null`] : txTimestamp=`7251228862459906`
2026-02-05 20:25:46.499 [http-nio-8080-exec-8] DEBUG o.h.c.s.s.AbstractReadWriteAccess - Cache hit : region = `isa.jutjub.model.VideoPost`, key = `isa.jutjub.model.VideoPost#5`
2026-02-05 20:25:46.500 [http-nio-8080-exec-8] DEBUG o.h.c.i.TimestampsCacheEnabledImpl - Pre-invalidating space [video_posts], timestamp: 7251229108224000
2026-02-05 20:25:46.501 [http-nio-8080-exec-8] INFO  isa.jutjub.service.VideoPostService - Incremented view count for video post ID: 5
2026-02-05 20:25:46.501 [http-nio-8080-exec-8] DEBUG o.h.c.i.TimestampsCacheEnabledImpl - Invalidating space [video_posts], timestamp: 7251228862468096
2026-02-05 20:25:46.502 [http-nio-8080-exec-8] DEBUG o.h.c.s.s.AbstractReadWriteAccess - Getting cached data from region [`isa.jutjub.model.VideoPost.tags` (AccessType[read-write])] by key [isa.jutjub.model.VideoPost.tags#5]
2026-02-05 20:25:46.502 [http-nio-8080-exec-8] DEBUG o.h.c.s.s.AbstractReadWriteAccess - Checking readability of read-write cache item [timestamp=`7251228856115200`, version=`null`] : txTimestamp=`7251228862459907`
2026-02-05 20:25:46.502 [http-nio-8080-exec-8] DEBUG o.h.c.s.s.AbstractReadWriteAccess - Cache hit : region = `isa.jutjub.model.VideoPost.tags`, key = `isa.jutjub.model.VideoPost.tags#5`
2026-02-05 20:25:46.544 [http-nio-8080-exec-10] DEBUG isa.jutjub.service.VideoPostService - Fetching video post by ID: 5 without cache
2026-02-05 20:25:46.544 [http-nio-8080-exec-10] DEBUG o.h.c.s.s.AbstractReadWriteAccess - Getting cached data from region [`isa.jutjub.model.VideoPost` (AccessType[read-write])] by key [isa.jutjub.model.VideoPost#5]
2026-02-05 20:25:46.544 [http-nio-8080-exec-10] DEBUG o.h.c.s.s.AbstractReadWriteAccess - Cache miss : region = `isa.jutjub.model.VideoPost`, key = `isa.jutjub.model.VideoPost#5`
2026-02-05 20:25:46.545 [http-nio-8080-exec-10] DEBUG o.h.c.s.s.AbstractReadWriteAccess - Caching data from load [region=`isa.jutjub.model.VideoPost` (AccessType[read-write])] : key[isa.jutjub.model.VideoPost#5] -> value[CacheEntry(isa.jutjub.model.VideoPost)]
2026-02-05 20:25:46.545 [http-nio-8080-exec-10] INFO  i.jutjub.service.FileUploadService - Loading video file from path: /videos/urban_exploration.mp4 -> normalized: \videos\urban_exploration.mp4
2026-02-05 20:25:46.545 [http-nio-8080-exec-10] INFO  i.jutjub.service.FileUploadService - Resource created: urban_exploration.mp4, exists: false, readable: false
2026-02-05 20:25:46.545 [http-nio-8080-exec-10] INFO  i.jutjub.service.FileUploadService - Trying Unix path format: \videos\urban_exploration.mp4
2026-02-05 20:25:46.545 [http-nio-8080-exec-10] INFO  i.jutjub.service.FileUploadService - Unix path resource exists: false, readable: false
2026-02-05 20:25:46.545 [http-nio-8080-exec-10] ERROR i.jutjub.service.FileUploadService - Video file not found or not readable: /videos/urban_exploration.mp4
2026-02-05 20:25:46.545 [http-nio-8080-exec-10] ERROR i.jutjub.service.FileUploadService - Failed to load video file: /videos/urban_exploration.mp4
java.lang.RuntimeException: Video file not found: /videos/urban_exploration.mp4
	at isa.jutjub.service.FileUploadService.getVideoFile(FileUploadService.java:203)
	at isa.jutjub.service.VideoPostService.getVideoFile(VideoPostService.java:297)
	at java.base/jdk.internal.reflect.NativeMethodAccessorImpl.invoke0(Native Method)
	at java.base/jdk.internal.reflect.NativeMethodAccessorImpl.invoke(NativeMethodAccessorImpl.java:77)
	at java.base/jdk.internal.reflect.DelegatingMethodAccessorImpl.invoke(DelegatingMethodAccessorImpl.java:43)
	at java.base/java.lang.reflect.Method.invoke(Method.java:568)
	at org.springframework.aop.support.AopUtils.invokeJoinpointUsingReflection(AopUtils.java:360)
	at org.springframework.aop.framework.ReflectiveMethodInvocation.invokeJoinpoint(ReflectiveMethodInvocation.java:196)
	at org.springframework.aop.framework.ReflectiveMethodInvocation.proceed(ReflectiveMethodInvocation.java:163)
	at org.springframework.transaction.interceptor.TransactionAspectSupport.invokeWithinTransaction(TransactionAspectSupport.java:380)
	at org.springframework.transaction.interceptor.TransactionInterceptor.invoke(TransactionInterceptor.java:119)
	at org.springframework.aop.framework.ReflectiveMethodInvocation.proceed(ReflectiveMethodInvocation.java:184)
	at org.springframework.aop.framework.CglibAopProxy$DynamicAdvisedInterceptor.intercept(CglibAopProxy.java:728)
	at isa.jutjub.service.VideoPostService$$SpringCGLIB$$0.getVideoFile(<generated>)
	at isa.jutjub.controller.VideoPostController.serveVideo(VideoPostController.java:523)
	at java.base/jdk.internal.reflect.NativeMethodAccessorImpl.invoke0(Native Method)
	at java.base/jdk.internal.reflect.NativeMethodAccessorImpl.invoke(NativeMethodAccessorImpl.java:77)
	at java.base/jdk.internal.reflect.DelegatingMethodAccessorImpl.invoke(DelegatingMethodAccessorImpl.java:43)
	at java.base/java.lang.reflect.Method.invoke(Method.java:568)
	at org.springframework.web.method.support.InvocableHandlerMethod.doInvoke(InvocableHandlerMethod.java:258)
	at org.springframework.web.method.support.InvocableHandlerMethod.invokeForRequest(InvocableHandlerMethod.java:191)
	at org.springframework.web.servlet.mvc.method.annotation.ServletInvocableHandlerMethod.invokeAndHandle(ServletInvocableHandlerMethod.java:118)
	at org.springframework.web.servlet.mvc.method.annotation.RequestMappingHandlerAdapter.invokeHandlerMethod(RequestMappingHandlerAdapter.java:991)
	at org.springframework.web.servlet.mvc.method.annotation.RequestMappingHandlerAdapter.handleInternal(RequestMappingHandlerAdapter.java:896)
	at org.springframework.web.servlet.mvc.method.AbstractHandlerMethodAdapter.handle(AbstractHandlerMethodAdapter.java:87)
	at org.springframework.web.servlet.DispatcherServlet.doDispatch(DispatcherServlet.java:1089)
	at org.springframework.web.servlet.DispatcherServlet.doService(DispatcherServlet.java:979)
	at org.springframework.web.servlet.FrameworkServlet.processRequest(FrameworkServlet.java:1014)
	at org.springframework.web.servlet.FrameworkServlet.doGet(FrameworkServlet.java:903)
	at jakarta.servlet.http.HttpServlet.service(HttpServlet.java:564)
	at org.springframework.web.servlet.FrameworkServlet.service(FrameworkServlet.java:885)
	at jakarta.servlet.http.HttpServlet.service(HttpServlet.java:658)
	at org.apache.catalina.core.ApplicationFilterChain.internalDoFilter(ApplicationFilterChain.java:193)
	at org.apache.catalina.core.ApplicationFilterChain.doFilter(ApplicationFilterChain.java:138)
	at org.apache.tomcat.websocket.server.WsFilter.doFilter(WsFilter.java:51)
	at org.apache.catalina.core.ApplicationFilterChain.internalDoFilter(ApplicationFilterChain.java:162)
	at org.apache.catalina.core.ApplicationFilterChain.doFilter(ApplicationFilterChain.java:138)
	at org.springframework.web.filter.OncePerRequestFilter.doFilter(OncePerRequestFilter.java:101)
	at org.apache.catalina.core.ApplicationFilterChain.internalDoFilter(ApplicationFilterChain.java:162)
	at org.apache.catalina.core.ApplicationFilterChain.doFilter(ApplicationFilterChain.java:138)
	at org.springframework.web.servlet.resource.ResourceUrlEncodingFilter.doFilter(ResourceUrlEncodingFilter.java:66)
	at org.apache.catalina.core.ApplicationFilterChain.internalDoFilter(ApplicationFilterChain.java:162)
	at org.apache.catalina.core.ApplicationFilterChain.doFilter(ApplicationFilterChain.java:138)
	at org.springframework.web.filter.CompositeFilter$VirtualFilterChain.doFilter(CompositeFilter.java:108)
	at org.springframework.web.filter.CompositeFilter$VirtualFilterChain.doFilter(CompositeFilter.java:108)
	at org.springframework.security.web.FilterChainProxy.lambda$doFilterInternal$3(FilterChainProxy.java:231)
	at org.springframework.security.web.FilterChainProxy$VirtualFilterChain.doFilter(FilterChainProxy.java:365)
	at org.springframework.security.web.access.intercept.AuthorizationFilter.doFilter(AuthorizationFilter.java:101)
	at org.springframework.security.web.FilterChainProxy$VirtualFilterChain.doFilter(FilterChainProxy.java:374)
	at org.springframework.security.web.access.ExceptionTranslationFilter.doFilter(ExceptionTranslationFilter.java:125)
	at org.springframework.security.web.access.ExceptionTranslationFilter.doFilter(ExceptionTranslationFilter.java:119)
	at org.springframework.security.web.FilterChainProxy$VirtualFilterChain.doFilter(FilterChainProxy.java:374)
	at org.springframework.security.web.authentication.AnonymousAuthenticationFilter.doFilter(AnonymousAuthenticationFilter.java:100)
	at org.springframework.security.web.FilterChainProxy$VirtualFilterChain.doFilter(FilterChainProxy.java:374)
	at org.springframework.security.web.servletapi.SecurityContextHolderAwareRequestFilter.doFilter(SecurityContextHolderAwareRequestFilter.java:179)
	at org.springframework.security.web.FilterChainProxy$VirtualFilterChain.doFilter(FilterChainProxy.java:374)
	at org.springframework.security.web.savedrequest.RequestCacheAwareFilter.doFilter(RequestCacheAwareFilter.java:63)
	at org.springframework.security.web.FilterChainProxy$VirtualFilterChain.doFilter(FilterChainProxy.java:374)
	at org.springframework.security.web.authentication.logout.LogoutFilter.doFilter(LogoutFilter.java:107)
	at org.springframework.security.web.authentication.logout.LogoutFilter.doFilter(LogoutFilter.java:93)
	at org.springframework.security.web.FilterChainProxy$VirtualFilterChain.doFilter(FilterChainProxy.java:374)
	at org.springframework.web.filter.CorsFilter.doFilterInternal(CorsFilter.java:91)
	at org.springframework.web.filter.OncePerRequestFilter.doFilter(OncePerRequestFilter.java:116)
	at org.springframework.security.web.FilterChainProxy$VirtualFilterChain.doFilter(FilterChainProxy.java:374)
	at org.springframework.security.web.header.HeaderWriterFilter.doHeadersAfter(HeaderWriterFilter.java:90)
	at org.springframework.security.web.header.HeaderWriterFilter.doFilterInternal(HeaderWriterFilter.java:75)
	at org.springframework.web.filter.OncePerRequestFilter.doFilter(OncePerRequestFilter.java:116)
	at org.springframework.security.web.FilterChainProxy$VirtualFilterChain.doFilter(FilterChainProxy.java:374)
	at org.springframework.security.web.context.SecurityContextHolderFilter.doFilter(SecurityContextHolderFilter.java:82)
	at org.springframework.security.web.context.SecurityContextHolderFilter.doFilter(SecurityContextHolderFilter.java:69)
	at org.springframework.security.web.FilterChainProxy$VirtualFilterChain.doFilter(FilterChainProxy.java:374)
	at org.springframework.security.web.context.request.async.WebAsyncManagerIntegrationFilter.doFilterInternal(WebAsyncManagerIntegrationFilter.java:62)
	at org.springframework.web.filter.OncePerRequestFilter.doFilter(OncePerRequestFilter.java:116)
	at org.springframework.security.web.FilterChainProxy$VirtualFilterChain.doFilter(FilterChainProxy.java:374)
	at org.springframework.security.web.session.DisableEncodeUrlFilter.doFilterInternal(DisableEncodeUrlFilter.java:42)
	at org.springframework.web.filter.OncePerRequestFilter.doFilter(OncePerRequestFilter.java:116)
	at org.springframework.security.web.FilterChainProxy$VirtualFilterChain.doFilter(FilterChainProxy.java:374)
	at org.springframework.security.web.FilterChainProxy.doFilterInternal(FilterChainProxy.java:233)
	at org.springframework.security.web.FilterChainProxy.doFilter(FilterChainProxy.java:191)
	at org.springframework.web.filter.CompositeFilter$VirtualFilterChain.doFilter(CompositeFilter.java:113)
	at org.springframework.web.filter.ServletRequestPathFilter.doFilter(ServletRequestPathFilter.java:52)
	at org.springframework.web.filter.CompositeFilter$VirtualFilterChain.doFilter(CompositeFilter.java:113)
	at org.springframework.web.filter.CompositeFilter.doFilter(CompositeFilter.java:74)
	at org.springframework.security.config.annotation.web.configuration.WebSecurityConfiguration$CompositeFilterChainProxy.doFilter(WebSecurityConfiguration.java:319)
	at org.springframework.web.filter.CompositeFilter$VirtualFilterChain.doFilter(CompositeFilter.java:113)
	at org.springframework.web.servlet.handler.HandlerMappingIntrospector.lambda$createCacheFilter$4(HandlerMappingIntrospector.java:267)
	at org.springframework.web.filter.CompositeFilter$VirtualFilterChain.doFilter(CompositeFilter.java:113)
	at org.springframework.web.filter.CompositeFilter.doFilter(CompositeFilter.java:74)
	at org.springframework.security.config.annotation.web.configuration.WebMvcSecurityConfiguration$CompositeFilterChainProxy.doFilter(WebMvcSecurityConfiguration.java:240)
	at org.springframework.web.filter.DelegatingFilterProxy.invokeDelegate(DelegatingFilterProxy.java:362)
	at org.springframework.web.filter.DelegatingFilterProxy.doFilter(DelegatingFilterProxy.java:278)
	at org.apache.catalina.core.ApplicationFilterChain.internalDoFilter(ApplicationFilterChain.java:162)
	at org.apache.catalina.core.ApplicationFilterChain.doFilter(ApplicationFilterChain.java:138)
	at org.springframework.web.filter.RequestContextFilter.doFilterInternal(RequestContextFilter.java:100)
	at org.springframework.web.filter.OncePerRequestFilter.doFilter(OncePerRequestFilter.java:116)
	at org.apache.catalina.core.ApplicationFilterChain.internalDoFilter(ApplicationFilterChain.java:162)
	at org.apache.catalina.core.ApplicationFilterChain.doFilter(ApplicationFilterChain.java:138)
	at org.springframework.web.filter.FormContentFilter.doFilterInternal(FormContentFilter.java:93)
	at org.springframework.web.filter.OncePerRequestFilter.doFilter(OncePerRequestFilter.java:116)
	at org.apache.catalina.core.ApplicationFilterChain.internalDoFilter(ApplicationFilterChain.java:162)
	at org.apache.catalina.core.ApplicationFilterChain.doFilter(ApplicationFilterChain.java:138)
	at org.springframework.web.filter.CharacterEncodingFilter.doFilterInternal(CharacterEncodingFilter.java:201)
	at org.springframework.web.filter.OncePerRequestFilter.doFilter(OncePerRequestFilter.java:116)
	at org.apache.catalina.core.ApplicationFilterChain.internalDoFilter(ApplicationFilterChain.java:162)
	at org.apache.catalina.core.ApplicationFilterChain.doFilter(ApplicationFilterChain.java:138)
	at org.apache.catalina.core.StandardWrapperValve.invoke(StandardWrapperValve.java:165)
	at org.apache.catalina.core.StandardContextValve.invoke(StandardContextValve.java:88)
	at org.apache.catalina.authenticator.AuthenticatorBase.invoke(AuthenticatorBase.java:482)
	at org.apache.catalina.core.StandardHostValve.invoke(StandardHostValve.java:113)
	at org.apache.catalina.valves.ErrorReportValve.invoke(ErrorReportValve.java:83)
	at org.apache.catalina.core.StandardEngineValve.invoke(StandardEngineValve.java:72)
	at org.apache.catalina.connector.CoyoteAdapter.service(CoyoteAdapter.java:342)
	at org.apache.coyote.http11.Http11Processor.service(Http11Processor.java:399)
	at org.apache.coyote.AbstractProcessorLight.process(AbstractProcessorLight.java:63)
	at org.apache.coyote.AbstractProtocol$ConnectionHandler.process(AbstractProtocol.java:903)
	at org.apache.tomcat.util.net.NioEndpoint$SocketProcessor.doRun(NioEndpoint.java:1774)
	at org.apache.tomcat.util.net.SocketProcessorBase.run(SocketProcessorBase.java:52)
	at org.apache.tomcat.util.threads.ThreadPoolExecutor.runWorker(ThreadPoolExecutor.java:973)
	at org.apache.tomcat.util.threads.ThreadPoolExecutor$Worker.run(ThreadPoolExecutor.java:491)
	at org.apache.tomcat.util.threads.TaskThread$WrappingRunnable.run(TaskThread.java:63)
	at java.base/java.lang.Thread.run(Thread.java:833)
2026-02-05 20:25:47.085 [http-nio-8080-exec-3] DEBUG isa.jutjub.service.VideoPostService - Fetching video post by ID: 5 without cache
2026-02-05 20:25:47.085 [http-nio-8080-exec-9] DEBUG isa.jutjub.service.VideoPostService - Fetching video post by ID: 3 without cache
2026-02-05 20:25:47.085 [http-nio-8080-exec-6] DEBUG isa.jutjub.service.VideoPostService - Fetching video post by ID: 4 without cache
2026-02-05 20:25:47.085 [http-nio-8080-exec-3] DEBUG o.h.c.s.s.AbstractReadWriteAccess - Getting cached data from region [`isa.jutjub.model.VideoPost` (AccessType[read-write])] by key [isa.jutjub.model.VideoPost#5]
2026-02-05 20:25:47.085 [http-nio-8080-exec-9] DEBUG o.h.c.s.s.AbstractReadWriteAccess - Getting cached data from region [`isa.jutjub.model.VideoPost` (AccessType[read-write])] by key [isa.jutjub.model.VideoPost#3]
2026-02-05 20:25:47.085 [http-nio-8080-exec-9] DEBUG o.h.c.s.s.AbstractReadWriteAccess - Cache miss : region = `isa.jutjub.model.VideoPost`, key = `isa.jutjub.model.VideoPost#3`
2026-02-05 20:25:47.085 [http-nio-8080-exec-6] DEBUG o.h.c.s.s.AbstractReadWriteAccess - Getting cached data from region [`isa.jutjub.model.VideoPost` (AccessType[read-write])] by key [isa.jutjub.model.VideoPost#4]
2026-02-05 20:25:47.085 [http-nio-8080-exec-6] DEBUG o.h.c.s.s.AbstractReadWriteAccess - Cache miss : region = `isa.jutjub.model.VideoPost`, key = `isa.jutjub.model.VideoPost#4`
2026-02-05 20:25:47.085 [http-nio-8080-exec-3] DEBUG o.h.c.s.s.AbstractReadWriteAccess - Checking readability of read-write cache item [timestamp=`7251228862644224`, version=`null`] : txTimestamp=`7251228864860163`
2026-02-05 20:25:47.085 [http-nio-8080-exec-5] DEBUG isa.jutjub.service.VideoPostService - Fetching video post by ID: 2 without cache
2026-02-05 20:25:47.085 [http-nio-8080-exec-3] DEBUG o.h.c.s.s.AbstractReadWriteAccess - Cache hit : region = `isa.jutjub.model.VideoPost`, key = `isa.jutjub.model.VideoPost#5`
2026-02-05 20:25:47.085 [http-nio-8080-exec-5] DEBUG o.h.c.s.s.AbstractReadWriteAccess - Getting cached data from region [`isa.jutjub.model.VideoPost` (AccessType[read-write])] by key [isa.jutjub.model.VideoPost#2]
2026-02-05 20:25:47.085 [http-nio-8080-exec-5] DEBUG o.h.c.s.s.AbstractReadWriteAccess - Cache miss : region = `isa.jutjub.model.VideoPost`, key = `isa.jutjub.model.VideoPost#2`
2026-02-05 20:25:47.086 [http-nio-8080-exec-7] DEBUG isa.jutjub.service.VideoPostService - Fetching video post by ID: 1 without cache
2026-02-05 20:25:47.086 [http-nio-8080-exec-5] DEBUG o.h.c.s.s.AbstractReadWriteAccess - Caching data from load [region=`isa.jutjub.model.VideoPost` (AccessType[read-write])] : key[isa.jutjub.model.VideoPost#2] -> value[CacheEntry(isa.jutjub.model.VideoPost)]
2026-02-05 20:25:47.086 [http-nio-8080-exec-6] DEBUG o.h.c.s.s.AbstractReadWriteAccess - Caching data from load [region=`isa.jutjub.model.VideoPost` (AccessType[read-write])] : key[isa.jutjub.model.VideoPost#4] -> value[CacheEntry(isa.jutjub.model.VideoPost)]
2026-02-05 20:25:47.086 [http-nio-8080-exec-9] DEBUG o.h.c.s.s.AbstractReadWriteAccess - Caching data from load [region=`isa.jutjub.model.VideoPost` (AccessType[read-write])] : key[isa.jutjub.model.VideoPost#3] -> value[CacheEntry(isa.jutjub.model.VideoPost)]
2026-02-05 20:25:47.086 [http-nio-8080-exec-7] DEBUG o.h.c.s.s.AbstractReadWriteAccess - Getting cached data from region [`isa.jutjub.model.VideoPost` (AccessType[read-write])] by key [isa.jutjub.model.VideoPost#1]
2026-02-05 20:25:47.086 [http-nio-8080-exec-7] DEBUG o.h.c.s.s.AbstractReadWriteAccess - Cache miss : region = `isa.jutjub.model.VideoPost`, key = `isa.jutjub.model.VideoPost#1`
2026-02-05 20:25:47.086 [http-nio-8080-exec-7] DEBUG o.h.c.s.s.AbstractReadWriteAccess - Caching data from load [region=`isa.jutjub.model.VideoPost` (AccessType[read-write])] : key[isa.jutjub.model.VideoPost#1] -> value[CacheEntry(isa.jutjub.model.VideoPost)]
2026-02-05 20:25:47.725 [http-nio-8080-exec-4] DEBUG isa.jutjub.service.VideoPostService - Fetching video post by ID: 2 without cache
2026-02-05 20:25:47.725 [http-nio-8080-exec-4] DEBUG o.h.c.s.s.AbstractReadWriteAccess - Getting cached data from region [`isa.jutjub.model.VideoPost` (AccessType[read-write])] by key [isa.jutjub.model.VideoPost#2]
2026-02-05 20:25:47.725 [http-nio-8080-exec-4] DEBUG o.h.c.s.s.AbstractReadWriteAccess - Checking readability of read-write cache item [timestamp=`7251228864860166`, version=`null`] : txTimestamp=`7251228867481602`
2026-02-05 20:25:47.725 [http-nio-8080-exec-4] DEBUG o.h.c.s.s.AbstractReadWriteAccess - Cache hit : region = `isa.jutjub.model.VideoPost`, key = `isa.jutjub.model.VideoPost#2`
2026-02-05 20:25:47.726 [http-nio-8080-exec-4] DEBUG o.h.c.i.TimestampsCacheEnabledImpl - Pre-invalidating space [video_posts], timestamp: 7251229113245696
2026-02-05 20:25:47.727 [http-nio-8080-exec-4] INFO  isa.jutjub.service.VideoPostService - Incremented view count for video post ID: 2
2026-02-05 20:25:47.727 [http-nio-8080-exec-4] DEBUG o.h.c.i.TimestampsCacheEnabledImpl - Invalidating space [video_posts], timestamp: 7251228867489792
2026-02-05 20:25:47.728 [http-nio-8080-exec-4] DEBUG o.h.c.s.s.AbstractReadWriteAccess - Getting cached data from region [`isa.jutjub.model.VideoPost.tags` (AccessType[read-write])] by key [isa.jutjub.model.VideoPost.tags#2]
2026-02-05 20:25:47.728 [http-nio-8080-exec-4] DEBUG o.h.c.s.s.AbstractReadWriteAccess - Checking readability of read-write cache item [timestamp=`7251228856115200`, version=`null`] : txTimestamp=`7251228867481603`
2026-02-05 20:25:47.728 [http-nio-8080-exec-4] DEBUG o.h.c.s.s.AbstractReadWriteAccess - Cache hit : region = `isa.jutjub.model.VideoPost.tags`, key = `isa.jutjub.model.VideoPost.tags#2`
2026-02-05 20:25:47.739 [http-nio-8080-exec-8] DEBUG isa.jutjub.service.VideoPostService - Fetching video post by ID: 2 without cache
2026-02-05 20:25:47.739 [http-nio-8080-exec-8] DEBUG o.h.c.s.s.AbstractReadWriteAccess - Getting cached data from region [`isa.jutjub.model.VideoPost` (AccessType[read-write])] by key [isa.jutjub.model.VideoPost#2]
2026-02-05 20:25:47.739 [http-nio-8080-exec-8] DEBUG o.h.c.s.s.AbstractReadWriteAccess - Cache miss : region = `isa.jutjub.model.VideoPost`, key = `isa.jutjub.model.VideoPost#2`
2026-02-05 20:25:47.740 [http-nio-8080-exec-8] DEBUG o.h.c.s.s.AbstractReadWriteAccess - Caching data from load [region=`isa.jutjub.model.VideoPost` (AccessType[read-write])] : key[isa.jutjub.model.VideoPost#2] -> value[CacheEntry(isa.jutjub.model.VideoPost)]
2026-02-05 20:25:47.740 [http-nio-8080-exec-8] INFO  i.jutjub.service.FileUploadService - Loading video file from path: /videos/italian_pasta.mp4 -> normalized: \videos\italian_pasta.mp4
2026-02-05 20:25:47.740 [http-nio-8080-exec-8] INFO  i.jutjub.service.FileUploadService - Resource created: italian_pasta.mp4, exists: false, readable: false
2026-02-05 20:25:47.740 [http-nio-8080-exec-8] INFO  i.jutjub.service.FileUploadService - Trying Unix path format: \videos\italian_pasta.mp4
2026-02-05 20:25:47.740 [http-nio-8080-exec-8] INFO  i.jutjub.service.FileUploadService - Unix path resource exists: false, readable: false
2026-02-05 20:25:47.740 [http-nio-8080-exec-8] ERROR i.jutjub.service.FileUploadService - Video file not found or not readable: /videos/italian_pasta.mp4
2026-02-05 20:25:47.741 [http-nio-8080-exec-8] ERROR i.jutjub.service.FileUploadService - Failed to load video file: /videos/italian_pasta.mp4
java.lang.RuntimeException: Video file not found: /videos/italian_pasta.mp4
	at isa.jutjub.service.FileUploadService.getVideoFile(FileUploadService.java:203)
	at isa.jutjub.service.VideoPostService.getVideoFile(VideoPostService.java:297)
	at java.base/jdk.internal.reflect.NativeMethodAccessorImpl.invoke0(Native Method)
	at java.base/jdk.internal.reflect.NativeMethodAccessorImpl.invoke(NativeMethodAccessorImpl.java:77)
	at java.base/jdk.internal.reflect.DelegatingMethodAccessorImpl.invoke(DelegatingMethodAccessorImpl.java:43)
	at java.base/java.lang.reflect.Method.invoke(Method.java:568)
	at org.springframework.aop.support.AopUtils.invokeJoinpointUsingReflection(AopUtils.java:360)
	at org.springframework.aop.framework.ReflectiveMethodInvocation.invokeJoinpoint(ReflectiveMethodInvocation.java:196)
	at org.springframework.aop.framework.ReflectiveMethodInvocation.proceed(ReflectiveMethodInvocation.java:163)
	at org.springframework.transaction.interceptor.TransactionAspectSupport.invokeWithinTransaction(TransactionAspectSupport.java:380)
	at org.springframework.transaction.interceptor.TransactionInterceptor.invoke(TransactionInterceptor.java:119)
	at org.springframework.aop.framework.ReflectiveMethodInvocation.proceed(ReflectiveMethodInvocation.java:184)
	at org.springframework.aop.framework.CglibAopProxy$DynamicAdvisedInterceptor.intercept(CglibAopProxy.java:728)
	at isa.jutjub.service.VideoPostService$$SpringCGLIB$$0.getVideoFile(<generated>)
	at isa.jutjub.controller.VideoPostController.serveVideo(VideoPostController.java:523)
	at java.base/jdk.internal.reflect.NativeMethodAccessorImpl.invoke0(Native Method)
	at java.base/jdk.internal.reflect.NativeMethodAccessorImpl.invoke(NativeMethodAccessorImpl.java:77)
	at java.base/jdk.internal.reflect.DelegatingMethodAccessorImpl.invoke(DelegatingMethodAccessorImpl.java:43)
	at java.base/java.lang.reflect.Method.invoke(Method.java:568)
	at org.springframework.web.method.support.InvocableHandlerMethod.doInvoke(InvocableHandlerMethod.java:258)
	at org.springframework.web.method.support.InvocableHandlerMethod.invokeForRequest(InvocableHandlerMethod.java:191)
	at org.springframework.web.servlet.mvc.method.annotation.ServletInvocableHandlerMethod.invokeAndHandle(ServletInvocableHandlerMethod.java:118)
	at org.springframework.web.servlet.mvc.method.annotation.RequestMappingHandlerAdapter.invokeHandlerMethod(RequestMappingHandlerAdapter.java:991)
	at org.springframework.web.servlet.mvc.method.annotation.RequestMappingHandlerAdapter.handleInternal(RequestMappingHandlerAdapter.java:896)
	at org.springframework.web.servlet.mvc.method.AbstractHandlerMethodAdapter.handle(AbstractHandlerMethodAdapter.java:87)
	at org.springframework.web.servlet.DispatcherServlet.doDispatch(DispatcherServlet.java:1089)
	at org.springframework.web.servlet.DispatcherServlet.doService(DispatcherServlet.java:979)
	at org.springframework.web.servlet.FrameworkServlet.processRequest(FrameworkServlet.java:1014)
	at org.springframework.web.servlet.FrameworkServlet.doGet(FrameworkServlet.java:903)
	at jakarta.servlet.http.HttpServlet.service(HttpServlet.java:564)
	at org.springframework.web.servlet.FrameworkServlet.service(FrameworkServlet.java:885)
	at jakarta.servlet.http.HttpServlet.service(HttpServlet.java:658)
	at org.apache.catalina.core.ApplicationFilterChain.internalDoFilter(ApplicationFilterChain.java:193)
	at org.apache.catalina.core.ApplicationFilterChain.doFilter(ApplicationFilterChain.java:138)
	at org.apache.tomcat.websocket.server.WsFilter.doFilter(WsFilter.java:51)
	at org.apache.catalina.core.ApplicationFilterChain.internalDoFilter(ApplicationFilterChain.java:162)
	at org.apache.catalina.core.ApplicationFilterChain.doFilter(ApplicationFilterChain.java:138)
	at org.springframework.web.filter.OncePerRequestFilter.doFilter(OncePerRequestFilter.java:101)
	at org.apache.catalina.core.ApplicationFilterChain.internalDoFilter(ApplicationFilterChain.java:162)
	at org.apache.catalina.core.ApplicationFilterChain.doFilter(ApplicationFilterChain.java:138)
	at org.springframework.web.servlet.resource.ResourceUrlEncodingFilter.doFilter(ResourceUrlEncodingFilter.java:66)
	at org.apache.catalina.core.ApplicationFilterChain.internalDoFilter(ApplicationFilterChain.java:162)
	at org.apache.catalina.core.ApplicationFilterChain.doFilter(ApplicationFilterChain.java:138)
	at org.springframework.web.filter.CompositeFilter$VirtualFilterChain.doFilter(CompositeFilter.java:108)
	at org.springframework.web.filter.CompositeFilter$VirtualFilterChain.doFilter(CompositeFilter.java:108)
	at org.springframework.security.web.FilterChainProxy.lambda$doFilterInternal$3(FilterChainProxy.java:231)
	at org.springframework.security.web.FilterChainProxy$VirtualFilterChain.doFilter(FilterChainProxy.java:365)
	at org.springframework.security.web.access.intercept.AuthorizationFilter.doFilter(AuthorizationFilter.java:101)
	at org.springframework.security.web.FilterChainProxy$VirtualFilterChain.doFilter(FilterChainProxy.java:374)
	at org.springframework.security.web.access.ExceptionTranslationFilter.doFilter(ExceptionTranslationFilter.java:125)
	at org.springframework.security.web.access.ExceptionTranslationFilter.doFilter(ExceptionTranslationFilter.java:119)
	at org.springframework.security.web.FilterChainProxy$VirtualFilterChain.doFilter(FilterChainProxy.java:374)
	at org.springframework.security.web.authentication.AnonymousAuthenticationFilter.doFilter(AnonymousAuthenticationFilter.java:100)
	at org.springframework.security.web.FilterChainProxy$VirtualFilterChain.doFilter(FilterChainProxy.java:374)
	at org.springframework.security.web.servletapi.SecurityContextHolderAwareRequestFilter.doFilter(SecurityContextHolderAwareRequestFilter.java:179)
	at org.springframework.security.web.FilterChainProxy$VirtualFilterChain.doFilter(FilterChainProxy.java:374)
	at org.springframework.security.web.savedrequest.RequestCacheAwareFilter.doFilter(RequestCacheAwareFilter.java:63)
	at org.springframework.security.web.FilterChainProxy$VirtualFilterChain.doFilter(FilterChainProxy.java:374)
	at org.springframework.security.web.authentication.logout.LogoutFilter.doFilter(LogoutFilter.java:107)
	at org.springframework.security.web.authentication.logout.LogoutFilter.doFilter(LogoutFilter.java:93)
	at org.springframework.security.web.FilterChainProxy$VirtualFilterChain.doFilter(FilterChainProxy.java:374)
	at org.springframework.web.filter.CorsFilter.doFilterInternal(CorsFilter.java:91)
	at org.springframework.web.filter.OncePerRequestFilter.doFilter(OncePerRequestFilter.java:116)
	at org.springframework.security.web.FilterChainProxy$VirtualFilterChain.doFilter(FilterChainProxy.java:374)
	at org.springframework.security.web.header.HeaderWriterFilter.doHeadersAfter(HeaderWriterFilter.java:90)
	at org.springframework.security.web.header.HeaderWriterFilter.doFilterInternal(HeaderWriterFilter.java:75)
	at org.springframework.web.filter.OncePerRequestFilter.doFilter(OncePerRequestFilter.java:116)
	at org.springframework.security.web.FilterChainProxy$VirtualFilterChain.doFilter(FilterChainProxy.java:374)
	at org.springframework.security.web.context.SecurityContextHolderFilter.doFilter(SecurityContextHolderFilter.java:82)
	at org.springframework.security.web.context.SecurityContextHolderFilter.doFilter(SecurityContextHolderFilter.java:69)
	at org.springframework.security.web.FilterChainProxy$VirtualFilterChain.doFilter(FilterChainProxy.java:374)
	at org.springframework.security.web.context.request.async.WebAsyncManagerIntegrationFilter.doFilterInternal(WebAsyncManagerIntegrationFilter.java:62)
	at org.springframework.web.filter.OncePerRequestFilter.doFilter(OncePerRequestFilter.java:116)
	at org.springframework.security.web.FilterChainProxy$VirtualFilterChain.doFilter(FilterChainProxy.java:374)
	at org.springframework.security.web.session.DisableEncodeUrlFilter.doFilterInternal(DisableEncodeUrlFilter.java:42)
	at org.springframework.web.filter.OncePerRequestFilter.doFilter(OncePerRequestFilter.java:116)
	at org.springframework.security.web.FilterChainProxy$VirtualFilterChain.doFilter(FilterChainProxy.java:374)
	at org.springframework.security.web.FilterChainProxy.doFilterInternal(FilterChainProxy.java:233)
	at org.springframework.security.web.FilterChainProxy.doFilter(FilterChainProxy.java:191)
	at org.springframework.web.filter.CompositeFilter$VirtualFilterChain.doFilter(CompositeFilter.java:113)
	at org.springframework.web.filter.ServletRequestPathFilter.doFilter(ServletRequestPathFilter.java:52)
	at org.springframework.web.filter.CompositeFilter$VirtualFilterChain.doFilter(CompositeFilter.java:113)
	at org.springframework.web.filter.CompositeFilter.doFilter(CompositeFilter.java:74)
	at org.springframework.security.config.annotation.web.configuration.WebSecurityConfiguration$CompositeFilterChainProxy.doFilter(WebSecurityConfiguration.java:319)
	at org.springframework.web.filter.CompositeFilter$VirtualFilterChain.doFilter(CompositeFilter.java:113)
	at org.springframework.web.servlet.handler.HandlerMappingIntrospector.lambda$createCacheFilter$4(HandlerMappingIntrospector.java:267)
	at org.springframework.web.filter.CompositeFilter$VirtualFilterChain.doFilter(CompositeFilter.java:113)
	at org.springframework.web.filter.CompositeFilter.doFilter(CompositeFilter.java:74)
	at org.springframework.security.config.annotation.web.configuration.WebMvcSecurityConfiguration$CompositeFilterChainProxy.doFilter(WebMvcSecurityConfiguration.java:240)
	at org.springframework.web.filter.DelegatingFilterProxy.invokeDelegate(DelegatingFilterProxy.java:362)
	at org.springframework.web.filter.DelegatingFilterProxy.doFilter(DelegatingFilterProxy.java:278)
	at org.apache.catalina.core.ApplicationFilterChain.internalDoFilter(ApplicationFilterChain.java:162)
	at org.apache.catalina.core.ApplicationFilterChain.doFilter(ApplicationFilterChain.java:138)
	at org.springframework.web.filter.RequestContextFilter.doFilterInternal(RequestContextFilter.java:100)
	at org.springframework.web.filter.OncePerRequestFilter.doFilter(OncePerRequestFilter.java:116)
	at org.apache.catalina.core.ApplicationFilterChain.internalDoFilter(ApplicationFilterChain.java:162)
	at org.apache.catalina.core.ApplicationFilterChain.doFilter(ApplicationFilterChain.java:138)
	at org.springframework.web.filter.FormContentFilter.doFilterInternal(FormContentFilter.java:93)
	at org.springframework.web.filter.OncePerRequestFilter.doFilter(OncePerRequestFilter.java:116)
	at org.apache.catalina.core.ApplicationFilterChain.internalDoFilter(ApplicationFilterChain.java:162)
	at org.apache.catalina.core.ApplicationFilterChain.doFilter(ApplicationFilterChain.java:138)
	at org.springframework.web.filter.CharacterEncodingFilter.doFilterInternal(CharacterEncodingFilter.java:201)
	at org.springframework.web.filter.OncePerRequestFilter.doFilter(OncePerRequestFilter.java:116)
	at org.apache.catalina.core.ApplicationFilterChain.internalDoFilter(ApplicationFilterChain.java:162)
	at org.apache.catalina.core.ApplicationFilterChain.doFilter(ApplicationFilterChain.java:138)
	at org.apache.catalina.core.StandardWrapperValve.invoke(StandardWrapperValve.java:165)
	at org.apache.catalina.core.StandardContextValve.invoke(StandardContextValve.java:88)
	at org.apache.catalina.authenticator.AuthenticatorBase.invoke(AuthenticatorBase.java:482)
	at org.apache.catalina.core.StandardHostValve.invoke(StandardHostValve.java:113)
	at org.apache.catalina.valves.ErrorReportValve.invoke(ErrorReportValve.java:83)
	at org.apache.catalina.core.StandardEngineValve.invoke(StandardEngineValve.java:72)
	at org.apache.catalina.connector.CoyoteAdapter.service(CoyoteAdapter.java:342)
	at org.apache.coyote.http11.Http11Processor.service(Http11Processor.java:399)
	at org.apache.coyote.AbstractProcessorLight.process(AbstractProcessorLight.java:63)
	at org.apache.coyote.AbstractProtocol$ConnectionHandler.process(AbstractProtocol.java:903)
	at org.apache.tomcat.util.net.NioEndpoint$SocketProcessor.doRun(NioEndpoint.java:1774)
	at org.apache.tomcat.util.net.SocketProcessorBase.run(SocketProcessorBase.java:52)
	at org.apache.tomcat.util.threads.ThreadPoolExecutor.runWorker(ThreadPoolExecutor.java:973)
	at org.apache.tomcat.util.threads.ThreadPoolExecutor$Worker.run(ThreadPoolExecutor.java:491)
	at org.apache.tomcat.util.threads.TaskThread$WrappingRunnable.run(TaskThread.java:63)
	at java.base/java.lang.Thread.run(Thread.java:833)
2026-02-05 20:25:48.808 [http-nio-8080-exec-1] DEBUG isa.jutjub.service.VideoPostService - Fetching video post by ID: 5 without cache
2026-02-05 20:25:48.808 [http-nio-8080-exec-5] DEBUG isa.jutjub.service.VideoPostService - Fetching video post by ID: 3 without cache
2026-02-05 20:25:48.808 [http-nio-8080-exec-9] DEBUG isa.jutjub.service.VideoPostService - Fetching video post by ID: 2 without cache
2026-02-05 20:25:48.808 [http-nio-8080-exec-3] DEBUG isa.jutjub.service.VideoPostService - Fetching video post by ID: 4 without cache
2026-02-05 20:25:48.808 [http-nio-8080-exec-5] DEBUG o.h.c.s.s.AbstractReadWriteAccess - Getting cached data from region [`isa.jutjub.model.VideoPost` (AccessType[read-write])] by key [isa.jutjub.model.VideoPost#3]
2026-02-05 20:25:48.808 [http-nio-8080-exec-3] DEBUG o.h.c.s.s.AbstractReadWriteAccess - Getting cached data from region [`isa.jutjub.model.VideoPost` (AccessType[read-write])] by key [isa.jutjub.model.VideoPost#4]
2026-02-05 20:25:48.808 [http-nio-8080-exec-9] DEBUG o.h.c.s.s.AbstractReadWriteAccess - Getting cached data from region [`isa.jutjub.model.VideoPost` (AccessType[read-write])] by key [isa.jutjub.model.VideoPost#2]
2026-02-05 20:25:48.808 [http-nio-8080-exec-5] DEBUG o.h.c.s.s.AbstractReadWriteAccess - Cache miss : region = `isa.jutjub.model.VideoPost`, key = `isa.jutjub.model.VideoPost#3`
2026-02-05 20:25:48.808 [http-nio-8080-exec-1] DEBUG o.h.c.s.s.AbstractReadWriteAccess - Getting cached data from region [`isa.jutjub.model.VideoPost` (AccessType[read-write])] by key [isa.jutjub.model.VideoPost#5]
2026-02-05 20:25:48.808 [http-nio-8080-exec-3] DEBUG o.h.c.s.s.AbstractReadWriteAccess - Cache miss : region = `isa.jutjub.model.VideoPost`, key = `isa.jutjub.model.VideoPost#4`
2026-02-05 20:25:48.808 [http-nio-8080-exec-1] DEBUG o.h.c.s.s.AbstractReadWriteAccess - Cache miss : region = `isa.jutjub.model.VideoPost`, key = `isa.jutjub.model.VideoPost#5`
2026-02-05 20:25:48.808 [http-nio-8080-exec-6] DEBUG isa.jutjub.service.VideoPostService - Fetching video post by ID: 1 without cache
2026-02-05 20:25:48.808 [http-nio-8080-exec-6] DEBUG o.h.c.s.s.AbstractReadWriteAccess - Getting cached data from region [`isa.jutjub.model.VideoPost` (AccessType[read-write])] by key [isa.jutjub.model.VideoPost#1]
2026-02-05 20:25:48.808 [http-nio-8080-exec-9] DEBUG o.h.c.s.s.AbstractReadWriteAccess - Checking readability of read-write cache item [timestamp=`7251228867538944`, version=`null`] : txTimestamp=`7251228871917570`
2026-02-05 20:25:48.808 [http-nio-8080-exec-6] DEBUG o.h.c.s.s.AbstractReadWriteAccess - Cache miss : region = `isa.jutjub.model.VideoPost`, key = `isa.jutjub.model.VideoPost#1`
2026-02-05 20:25:48.808 [http-nio-8080-exec-9] DEBUG o.h.c.s.s.AbstractReadWriteAccess - Cache hit : region = `isa.jutjub.model.VideoPost`, key = `isa.jutjub.model.VideoPost#2`
2026-02-05 20:25:48.808 [http-nio-8080-exec-5] DEBUG o.h.c.s.s.AbstractReadWriteAccess - Caching data from load [region=`isa.jutjub.model.VideoPost` (AccessType[read-write])] : key[isa.jutjub.model.VideoPost#3] -> value[CacheEntry(isa.jutjub.model.VideoPost)]
2026-02-05 20:25:48.808 [http-nio-8080-exec-6] DEBUG o.h.c.s.s.AbstractReadWriteAccess - Caching data from load [region=`isa.jutjub.model.VideoPost` (AccessType[read-write])] : key[isa.jutjub.model.VideoPost#1] -> value[CacheEntry(isa.jutjub.model.VideoPost)]
2026-02-05 20:25:48.808 [http-nio-8080-exec-3] DEBUG o.h.c.s.s.AbstractReadWriteAccess - Caching data from load [region=`isa.jutjub.model.VideoPost` (AccessType[read-write])] : key[isa.jutjub.model.VideoPost#4] -> value[CacheEntry(isa.jutjub.model.VideoPost)]
2026-02-05 20:25:48.808 [http-nio-8080-exec-1] DEBUG o.h.c.s.s.AbstractReadWriteAccess - Caching data from load [region=`isa.jutjub.model.VideoPost` (AccessType[read-write])] : key[isa.jutjub.model.VideoPost#5] -> value[CacheEntry(isa.jutjub.model.VideoPost)]
2026-02-05 20:25:49.519 [http-nio-8080-exec-7] DEBUG isa.jutjub.service.VideoPostService - Fetching video post by ID: 1 without cache
2026-02-05 20:25:49.519 [http-nio-8080-exec-7] DEBUG o.h.c.s.s.AbstractReadWriteAccess - Getting cached data from region [`isa.jutjub.model.VideoPost` (AccessType[read-write])] by key [isa.jutjub.model.VideoPost#1]
2026-02-05 20:25:49.520 [http-nio-8080-exec-7] DEBUG o.h.c.s.s.AbstractReadWriteAccess - Checking readability of read-write cache item [timestamp=`7251228871917573`, version=`null`] : txTimestamp=`7251228874829824`
2026-02-05 20:25:49.520 [http-nio-8080-exec-7] DEBUG o.h.c.s.s.AbstractReadWriteAccess - Cache hit : region = `isa.jutjub.model.VideoPost`, key = `isa.jutjub.model.VideoPost#1`
2026-02-05 20:25:49.520 [http-nio-8080-exec-7] DEBUG o.h.c.i.TimestampsCacheEnabledImpl - Pre-invalidating space [video_posts], timestamp: 7251229120593921
2026-02-05 20:25:49.521 [http-nio-8080-exec-7] INFO  isa.jutjub.service.VideoPostService - Incremented view count for video post ID: 1
2026-02-05 20:25:49.522 [http-nio-8080-exec-7] DEBUG o.h.c.i.TimestampsCacheEnabledImpl - Invalidating space [video_posts], timestamp: 7251228874842112
2026-02-05 20:25:49.522 [http-nio-8080-exec-7] DEBUG o.h.c.s.s.AbstractReadWriteAccess - Getting cached data from region [`isa.jutjub.model.VideoPost.tags` (AccessType[read-write])] by key [isa.jutjub.model.VideoPost.tags#1]
2026-02-05 20:25:49.522 [http-nio-8080-exec-7] DEBUG o.h.c.s.s.AbstractReadWriteAccess - Checking readability of read-write cache item [timestamp=`7251228856115200`, version=`null`] : txTimestamp=`7251228874833920`
2026-02-05 20:25:49.522 [http-nio-8080-exec-7] DEBUG o.h.c.s.s.AbstractReadWriteAccess - Cache hit : region = `isa.jutjub.model.VideoPost.tags`, key = `isa.jutjub.model.VideoPost.tags#1`
2026-02-05 20:25:49.541 [http-nio-8080-exec-4] DEBUG isa.jutjub.service.VideoPostService - Fetching video post by ID: 1 without cache
2026-02-05 20:25:49.541 [http-nio-8080-exec-4] DEBUG o.h.c.s.s.AbstractReadWriteAccess - Getting cached data from region [`isa.jutjub.model.VideoPost` (AccessType[read-write])] by key [isa.jutjub.model.VideoPost#1]
2026-02-05 20:25:49.541 [http-nio-8080-exec-4] DEBUG o.h.c.s.s.AbstractReadWriteAccess - Cache miss : region = `isa.jutjub.model.VideoPost`, key = `isa.jutjub.model.VideoPost#1`
2026-02-05 20:25:49.541 [http-nio-8080-exec-4] DEBUG o.h.c.s.s.AbstractReadWriteAccess - Caching data from load [region=`isa.jutjub.model.VideoPost` (AccessType[read-write])] : key[isa.jutjub.model.VideoPost#1] -> value[CacheEntry(isa.jutjub.model.VideoPost)]
2026-02-05 20:25:49.541 [http-nio-8080-exec-4] INFO  i.jutjub.service.FileUploadService - Loading video file from path: ./uploads/videos/video_20260205_190754_09b0261e.mp4 -> normalized: uploads\videos\video_20260205_190754_09b0261e.mp4
2026-02-05 20:25:49.541 [http-nio-8080-exec-4] INFO  i.jutjub.service.FileUploadService - Resource created: video_20260205_190754_09b0261e.mp4, exists: true, readable: true
